-- Use the Roomly database
USE Roomly;

-- Insert data for Location table
INSERT INTO Location VALUES
('loc001', 31.2357, 30.0444, 'Cairo', 'Downtown', 'Egypt'),
('loc002', 31.2431, 30.0581, 'Cairo', 'Garden City', 'Egypt'),
('loc003', 31.2242, 30.0546, 'Cairo', 'Maadi', 'Egypt'),
('loc004', 31.2162, 30.0611, 'Cairo', 'New Cairo', 'Egypt'),
('loc005', 31.2233, 30.0370, 'Cairo', 'Dokki', 'Egypt'),
('loc006', 31.3522, 30.0858, 'Cairo', 'Heliopolis', 'Egypt'),
('loc007', 29.9187, 31.2004, 'Alexandria', 'Smouha', 'Egypt'),
('loc008', 29.9098, 31.1784, 'Alexandria', 'Downtown', 'Egypt'),
('loc009', 32.2994, 31.1293, 'Hurghada', 'Downtown', 'Egypt'),
('loc010', 34.3418, 28.7232, 'Sharm El Sheikh', 'Naama Bay', 'Egypt'),
('loc011', 30.8084, 29.0296, 'Luxor', 'Downtown', 'Egypt'),
('loc012', 31.1974, 29.9619, 'Cairo', '6th of October', 'Egypt'),
('loc013', 31.3435, 30.1101, 'Cairo', 'Nasr City', 'Egypt'),
('loc014', 32.7278, 25.7030, 'Aswan', 'Downtown', 'Egypt'),
('loc015', 31.2510, 30.0586, 'Cairo', 'Zamalek', 'Egypt'),
('loc016', 31.2001, 29.9187, 'Cairo', 'Mohandessin', 'Egypt'),
('loc017', 31.2089, 30.0131, 'Cairo', 'Giza', 'Egypt'),
('loc018', 31.2653, 32.3019, 'Port Said', 'Downtown', 'Egypt'),
('loc019', 27.2578, 33.8129, 'Marsa Alam', 'Downtown', 'Egypt'),
('loc020', 31.4167, 31.8214, 'Damietta', 'New Damietta', 'Egypt'),
('loc021', 30.5965, 32.2715, 'Ismailia', 'Downtown', 'Egypt'),
('loc022', 31.0409, 31.3785, 'Mansoura', 'Downtown', 'Egypt'),
('loc023', 31.2000, 29.9187, 'Cairo', 'Sheikh Zayed', 'Egypt'),
('loc024', 30.0131, 31.2089, 'Cairo', 'Rehab City', 'Egypt'),
('loc025', 31.3260, 30.0695, 'Cairo', 'Tagamo3', 'Egypt'),
('loc026', 30.8481, 31.3362, 'Tanta', 'Downtown', 'Egypt'),
('loc027', 26.5569, 31.6956, 'Sohag', 'Downtown', 'Egypt'),
('loc028', 31.1342, 33.8006, 'El Arish', 'Downtown', 'Egypt'),
('loc029', 25.6872, 32.6396, 'Qena', 'Downtown', 'Egypt'),
('loc030', 31.0461, 30.4667, 'Benha', 'Downtown', 'Egypt'),
('loc031', 30.0626, 31.2497, 'Cairo', 'Madinet Nasr', 'Egypt'),
('loc032', 31.2444, 32.3116, 'Suez', 'Downtown', 'Egypt'),
('loc033', 30.8025, 28.9916, 'Fayoum', 'Downtown', 'Egypt'),
('loc034', 31.2653, 29.9869, 'Kafr El Sheikh', 'Downtown', 'Egypt'),
('loc035', 30.4733, 31.1839, 'Zagazig', 'Downtown', 'Egypt'),
('loc036', 31.0928, 30.9391, 'Shebin El Kom', 'Downtown', 'Egypt'),
('loc037', 30.5903, 31.5091, 'Banha', 'New Banha', 'Egypt'),
('loc038', 27.1783, 31.1859, 'Asyut', 'Downtown', 'Egypt'),
('loc039', 26.1629, 32.7165, 'Luxor', 'West Bank', 'Egypt'),
('loc040', 31.3543, 27.2373, 'Marsa Matrouh', 'Downtown', 'Egypt'),
('loc041', 29.0759, 30.8138, 'Beni Suef', 'Downtown', 'Egypt'),
('loc042', 27.9158, 30.8774, 'Minya', 'Downtown', 'Egypt'),
('loc043', 31.2001, 29.9025, 'Damanhour', 'Downtown', 'Egypt'),
('loc044', 30.1293, 31.3387, 'Mit Ghamr', 'Downtown', 'Egypt'),
('loc045', 31.0771, 31.7519, 'Ras El Bar', 'Beach Area', 'Egypt'),
('loc046', 25.4954, 30.5547, 'Kharga Oasis', 'Downtown', 'Egypt'),
('loc047', 29.3088, 30.8428, 'Mallawi', 'Downtown', 'Egypt'),
('loc048', 30.8064, 31.0015, 'Samannoud', 'Downtown', 'Egypt'),
('loc049', 30.5796, 31.0089, 'Shibin El Qanater', 'Downtown', 'Egypt'),
('loc050', 27.5578, 30.6751, 'Dairut', 'Downtown', 'Egypt');

-- Insert data for Workspace table
INSERT INTO Workspace VALUES
('ws001', 'The Greek Campus', 'Tech innovation hub located in the heart of Downtown Cairo', '28 Falaki St, Cairo', '2020-01-15', 4.6, 'Tech Hub', 'CARD', 'loc001'),
('ws002', 'AlMaqarr Coworking Space - Garden City', 'Elegant coworking space in Garden City', '17 Mahmoud Bassiouny St, Garden City', '2018-05-20', 4.5, 'Coworking', 'CARD', 'loc002'),
('ws003', 'The District Spaces', 'Modern workspace with premium amenities', '21 Road 13, Maadi', '2019-08-10', 4.7, 'Premium', 'CARD', 'loc003'),
('ws004', 'Cairo Hackerspace', 'Community-driven workspace for tech enthusiasts', '12 Street 272, New Cairo', '2017-03-25', 4.3, 'Tech Community', 'CARD', 'loc004'),
('ws005', 'Urban Station Egypt', 'Comfortable workspaces with an urban vibe', '7 Dokki St, Dokki', '2019-11-05', 4.4, 'Urban Style', 'CARD', 'loc005'),
('ws006', 'Seedspace Cairo', 'Global community for entrepreneurs', '8 El-Salam St, Heliopolis', '2020-02-28', 4.5, 'Entrepreneurial', 'CARD', 'loc006'),
('ws007', 'IceAlex', 'Innovation hub in Alexandria focusing on community projects', '52 El Horeya Road, Smouha', '2018-06-10', 4.2, 'Innovation Hub', 'CARD', 'loc007'),
('ws008', 'Indoors Alexandria', 'Creative workspace for digital nomads', '12 Victor Emanuel St, Downtown Alexandria', '2019-07-15', 4.3, 'Creative', 'CARD', 'loc008'),
('ws009', 'Red Sea Coworking', 'Beachside workspace for digital nomads', '23 Village Rd, Hurghada', '2021-01-05', 4.8, 'Tourist-Friendly', 'CARD', 'loc009'),
('ws010', 'Sharm Workspace', 'Resort-style workspace with sea views', '19 Peace Rd, Naama Bay', '2021-03-12', 4.9, 'Private Office', 'CARD', 'loc010'),
('ws011', 'Luxor Innovation Hub', 'Cultural and historical workspace', '14 Karnak Temple St, Luxor', '2020-10-22', 4.1, 'Cultural', 'CARD', 'loc011'),
('ws012', 'A4 Spaces - October', 'Modern workspace in 6th of October City', 'Mall of Egypt, 6th of October', '2019-12-10', 4.3, 'Mall-based', 'CARD', 'loc012'),
('ws013', 'The Workstation', 'Professional environment for startups and SMEs', '12 Makram Ebeid St, Nasr City', '2020-04-15', 4.5, 'Professional', 'CARD', 'loc013'),
('ws014', 'Nile Workspace Aswan', 'Riverside coworking space with Nile views', '9 Corniche El Nile, Aswan', '2021-02-20', 4.6, 'Scenic', 'CARD', 'loc014'),
('ws015', 'ZSpace', 'Boutique workspace in upscale Zamalek', '15 Taha Hussein St, Zamalek', '2019-09-18', 4.7, 'Boutique', 'CARD', 'loc015'),
('ws016', 'Mohandessin Business Hub', 'Professional coworking space in the heart of Mohandessin', '15 Arab League St, Mohandessin', '2021-06-15', 4.4, 'Business Center', 'CARD', 'loc016'),
('ws017', 'Giza Pyramids View Space', 'Unique workspace with pyramid views', '23 Pyramids Road, Giza', '2020-09-20', 4.6, 'Tourist Hub', 'CARD', 'loc017'),
('ws018', 'Port Said Maritime Center', 'Workspace for import/export businesses', '8 Mediterranean St, Port Said', '2021-11-10', 4.3, 'Business Hub', 'CARD', 'loc018'),
('ws019', 'Red Sea Digital Nomad Hub', 'Beachfront workspace for remote workers', '5 Coastal Road, Marsa Alam', '2022-03-15', 4.7, 'Remote Work', 'CARD', 'loc019'),
('ws020', 'Damietta Furniture District Space', 'Workspace for furniture designers and traders', '12 Industrial Zone, New Damietta', '2021-08-22', 4.2, 'Industrial', 'CARD', 'loc020'),
('ws021', 'Suez Canal Business Center', 'Strategic location for logistics businesses', '18 Canal View, Ismailia', '2022-01-10', 4.5, 'Logistics Hub', 'CARD', 'loc021'),
('ws022', 'Delta Innovation Lab', 'Tech hub in the Nile Delta region', '25 University St, Mansoura', '2021-12-05', 4.4, 'University Hub', 'CARD', 'loc022'),
('ws023', 'Sheikh Zayed Tech Park', 'Modern tech campus in Sheikh Zayed', '7 Central Park, Sheikh Zayed', '2022-05-20', 4.8, 'Tech Campus', 'CARD', 'loc023'),
('ws024', 'Rehab City Creative Studios', 'Creative workspace for artists and designers', '14 Gate 7, Rehab City', '2021-10-15', 4.5, 'Creative Hub', 'CARD', 'loc024'),
('ws025', 'Fifth Settlement StartUp Hub', 'Startup accelerator workspace', '90 Street, New Cairo', '2022-02-28', 4.7, 'Startup Hub', 'CARD', 'loc025'),
('ws026', 'Tanta Tech Hub', 'Technology center in the Delta region', '22 Station Square, Tanta', '2021-07-18', 4.3, 'Tech Hub', 'CARD', 'loc026'),
('ws027', 'Upper Egypt Business Center', 'Business hub serving Upper Egypt', '15 Nile Street, Sohag', '2022-04-12', 4.1, 'Business Center', 'CARD', 'loc027'),
('ws028', 'Sinai Innovation Space', 'First coworking space in North Sinai', '9 Peace Road, El Arish', '2022-06-30', 4.0, 'Innovation Hub', 'CARD', 'loc028'),
('ws029', 'Qena Cultural Workspace', 'Workspace blending culture and business', '7 Temple Road, Qena', '2021-09-25', 4.2, 'Cultural Hub', 'CARD', 'loc029'),
('ws030', 'Benha Railway Hub', 'Workspace near transportation hub', '3 Railway Station, Benha', '2022-08-15', 4.3, 'Transit Hub', 'CARD', 'loc030'),
('ws031', 'Nasr City Tech Center', 'Modern tech workspace in bustling Nasr City', '45 Abbas El Akkad St, Nasr City', '2023-01-10', 4.5, 'Tech Hub', 'CARD', 'loc031'),
('ws032', 'Suez Canal Innovation Hub', 'Strategic workspace near the canal', '12 Port Tawfik Road, Suez', '2023-02-15', 4.3, 'Business Center', 'BOTH', 'loc032'),
('ws033', 'Fayoum Oasis Workspace', 'Peaceful workspace with lake views', '8 Lake Qarun Road, Fayoum', '2023-03-20', 4.6, 'Creative Hub', 'CARD', 'loc033'),
('ws034', 'Delta Business Center', 'Professional space in Kafr El Sheikh', '15 Government St, Kafr El Sheikh', '2023-04-05', 4.2, 'Business Center', 'CASH', 'loc034'),
('ws035', 'Zagazig University Hub', 'Academic coworking near university', '23 University Road, Zagazig', '2023-05-12', 4.4, 'Academic Hub', 'BOTH', 'loc035'),
('ws036', 'Menoufia Tech Park', 'Technology focused workspace', '7 Industrial Zone, Shebin El Kom', '2023-06-18', 4.3, 'Tech Hub', 'CARD', 'loc036'),
('ws037', 'Banha Express Work', 'Quick workspace for commuters', '3 Station Square, New Banha', '2023-07-22', 4.1, 'Transit Hub', 'BOTH', 'loc037'),
('ws038', 'Upper Egypt Enterprise', 'Business hub for Upper Egypt', '19 Corniche Road, Asyut', '2023-08-30', 4.5, 'Enterprise Hub', 'CARD', 'loc038'),
('ws039', 'West Bank Creative Space', 'Artistic workspace near ancient sites', '5 Valley Road, West Bank Luxor', '2023-09-14', 4.7, 'Creative Hub', 'CASH', 'loc039'),
('ws040', 'Mediterranean Business Hub', 'Coastal workspace in Marsa Matrouh', '21 Beach Boulevard, Marsa Matrouh', '2023-10-20', 4.6, 'Coastal Hub', 'BOTH', 'loc040'),
('ws041', 'Beni Suef Innovation Lab', 'Modern workspace for innovators', '11 New City, Beni Suef', '2023-11-05', 4.2, 'Innovation Hub', 'CARD', 'loc041'),
('ws042', 'Minya Creative Quarter', 'Artistic and cultural workspace', '16 Arts District, Minya', '2023-12-10', 4.4, 'Creative Hub', 'BOTH', 'loc042'),
('ws043', 'Damanhour Digital Hub', 'Digital nomad friendly space', '9 Central Plaza, Damanhour', '2023-01-25', 4.3, 'Digital Hub', 'CARD', 'loc043'),
('ws044', 'Mit Ghamr Cowork', 'Local community workspace', '4 Main Street, Mit Ghamr', '2023-02-28', 4.0, 'Community Hub', 'CASH', 'loc044'),
('ws045', 'Ras El Bar Beach Office', 'Summer beach workspace', '18 Seaside Road, Ras El Bar', '2023-03-15', 4.8, 'Beach Hub', 'BOTH', 'loc045'),
('ws046', 'Oasis Innovation Center', 'Desert oasis workspace', '6 Oasis Center, Kharga', '2023-04-22', 4.1, 'Remote Hub', 'CARD', 'loc046'),
('ws047', 'Mallawi Business Suite', 'Professional workspace in Mallawi', '13 Business Park, Mallawi', '2023-05-30', 4.0, 'Business Center', 'CASH', 'loc047'),
('ws048', 'Samannoud Tech Space', 'Technology workspace in Delta', '10 Tech Zone, Samannoud', '2023-06-14', 4.2, 'Tech Hub', 'BOTH', 'loc048'),
('ws049', 'Shibin Work Studio', 'Creative studio workspace', '22 Studio Complex, Shibin', '2023-07-20', 4.3, 'Studio Hub', 'CARD', 'loc049'),
('ws050', 'Dairut Enterprise Center', 'Business center for enterprises', '17 Enterprise Zone, Dairut', '2023-08-25', 4.1, 'Enterprise Hub', 'BOTH', 'loc050');


-- Insert data for WorkspaceStaff table
INSERT INTO WorkspaceStaff VALUES
('stf001', 'Ahmed', 'Ibrahim', 'Ahmed Ibrahim', 'ahmed.ibrahim@greekcampus.com', 'pass123', '+20100123456', 'MANGER'),
('stf002', 'Laila', 'Mostafa', 'Laila Mostafa', 'laila.mostafa@almaqarr.com', 'pass234', '+20111234567', 'WORKER'),
('stf003', 'Mohamed', 'Hassan', 'Mohamed Hassan', 'mohamed.hassan@district.com', 'pass345', '+20122345678', 'MANGER'),
('stf004', 'Nour', 'Mahmoud', 'Nour Mahmoud', 'nour.mahmoud@cairohackerspace.com', 'pass456', '+20103456789', 'ADMIN'),
('stf005', 'Omar', 'Samir', 'Omar Samir', 'omar.samir@urbanstation.com', 'pass567', '+20114567890', 'MANGER'),
('stf006', 'Rania', 'Ahmed', 'Rania Ahmed', 'rania.ahmed@seedspace.com', 'pass678', '+20125678901', 'ADMIN'),
('stf007', 'Tarek', 'Zaki', 'Tarek Zaki', 'tarek.zaki@icealex.com', 'pass789', '+20106789012', 'MANGER'),
('stf008', 'Yasmine', 'Adel', 'Yasmine Adel', 'yasmine.adel@indoors.com', 'pass890', '+20117890123', 'MANGER'),
('stf009', 'Hassan', 'Medhat', 'Hassan Medhat', 'hassan.medhat@redseacoworking.com', 'pass901', '+20128901234', 'MANGER'),
('stf010', 'Dina', 'Essam', 'Dina Essam', 'dina.essam@sharmworkspace.com', 'pass012', '+20109012345', 'WORKER'),
('stf011', 'Karim', 'Fawzy', 'Karim Fawzy', 'karim.fawzy@luxorhub.com', 'pass123', '+20110123456', 'MANGER'),
('stf012', 'Sara', 'Hany', 'Sara Hany', 'sara.hany@a4spaces.com', 'pass234', '+20121234567', 'MANGER'),
('stf013', 'Amr', 'Khaled', 'Amr Khaled', 'amr.khaled@workstation.com', 'pass345', '+20102345678', 'MANGER'),
('stf014', 'Heba', 'Nader', 'Heba Nader', 'heba.nader@nileworkspace.com', 'pass456', '+20113456789', 'WORKER'),
('stf015', 'Sherif', 'Gamal', 'Sherif Gamal', 'sherif.gamal@zspace.com', 'pass567', '+20124567890', 'MANGER'),
('stf016', 'Maha', 'Fouad', 'Maha Fouad', 'maha.fouad@mohandessinhub.com', 'pass678', '+20155678901', 'MANGER'),
('stf017', 'Khaled', 'Mansour', 'Khaled Mansour', 'khaled.mansour@pyramidsview.com', 'pass789', '+20166789012', 'MANGER'),
('stf018', 'Sahar', 'El-Masry', 'Sahar El-Masry', 'sahar.elmasry@portsaidcenter.com', 'pass890', '+20177890123', 'MANGER'),
('stf019', 'Bassem', 'Wahba', 'Bassem Wahba', 'bassem.wahba@redseahub.com', 'pass901', '+20188901234', 'MANGER'),
('stf020', 'Nesreen', 'Hamza', 'Nesreen Hamza', 'nesreen.hamza@damiettaspace.com', 'pass012', '+20199012345', 'MANGER'),
('stf021', 'Tamer', 'Ismail', 'Tamer Ismail', 'tamer.ismail@suezcenter.com', 'pass123', '+20100234567', 'MANGER'),
('stf022', 'Dina', 'Saleh', 'Dina Saleh', 'dina.saleh@deltalab.com', 'pass234', '+20111345678', 'MANGER'),
('stf023', 'Hazem', 'Nour', 'Hazem Nour', 'hazem.nour@sztech.com', 'pass345', '+20122456789', 'MANGER'),
('stf024', 'Lamia', 'Farid', 'Lamia Farid', 'lamia.farid@rehabstudios.com', 'pass456', '+20133567890', 'MANGER'),
('stf025', 'Wael', 'Hamdy', 'Wael Hamdy', 'wael.hamdy@fifthsettlement.com', 'pass567', '+20144678901', 'MANGER'),
('stf026', 'Sameh', 'Rashad', 'Sameh Rashad', 'sameh.rashad@tantatech.com', 'pass678', '+20155789012', 'MANGER'),
('stf027', 'Hanan', 'Khalil', 'Hanan Khalil', 'hanan.khalil@upperegypt.com', 'pass789', '+20166890123', 'MANGER'),
('stf028', 'Yousef', 'Badawi', 'Yousef Badawi', 'yousef.badawi@sinaispace.com', 'pass890', '+20177901234', 'MANGER'),
('stf029', 'Marwa', 'Hassanein', 'Marwa Hassanein', 'marwa.hassanein@qenawork.com', 'pass901', '+20188012345', 'MANGER'),
('stf030', 'Ibrahim', 'Shawky', 'Ibrahim Shawky', 'ibrahim.shawky@benhahub.com', 'pass012', '+20199123456', 'MANGER'),
('stf031', 'Nadia', 'Youssef', 'Nadia Youssef', 'nadia.youssef@greekcampus.com', 'pass321', '+20101234567', 'WORKER'),
('stf032', 'Walid', 'Khairy', 'Walid Khairy', 'walid.khairy@almaqarr.com', 'pass432', '+20112345678', 'ADMIN'),
('stf033', 'Salwa', 'Naguib', 'Salwa Naguib', 'salwa.naguib@district.com', 'pass543', '+20123456789', 'WORKER'),
('stf034', 'Hamza', 'Farouk', 'Hamza Farouk', 'hamza.farouk@seedspace.com', 'pass654', '+20104567890', 'MANGER'),
('stf035', 'Leila', 'Saad', 'Leila Saad', 'leila.saad@zspace.com', 'pass765', '+20115678901', 'MANGER'),
('stf036', 'Kareem', 'Abdel Rahman', 'Kareem Abdel Rahman', 'kareem.rahman@nasrcity.com', 'pass036', '+20100345678', 'MANGER'),
('stf037', 'Fatima', 'El Sharkawy', 'Fatima El Sharkawy', 'fatima.sharkawy@suezcanal.com', 'pass037', '+20111456789', 'ADMIN'),
('stf038', 'Hussein', 'Mahmoud', 'Hussein Mahmoud', 'hussein.mahmoud@fayoum.com', 'pass038', '+20122567890', 'MANGER'),
('stf039', 'Aisha', 'El Deeb', 'Aisha El Deeb', 'aisha.deeb@delta.com', 'pass039', '+20133678901', 'DEFAULT'),
('stf040', 'Yasser', 'Gomaa', 'Yasser Gomaa', 'yasser.gomaa@zagazig.com', 'pass040', '+20144789012', 'WORKER'),
('stf041', 'Hoda', 'Sayed', 'Hoda Sayed', 'hoda.sayed@menoufia.com', 'pass041', '+20155890123', 'MANGER'),
('stf042', 'Mahmoud', 'Taha', 'Mahmoud Taha', 'mahmoud.taha@banha.com', 'pass042', '+20166901234', 'ADMIN'),
('stf043', 'Nour', 'Abdallah', 'Nour Abdallah', 'nour.abdallah@asyut.com', 'pass043', '+20177012345', 'MANGER'),
('stf044', 'Samir', 'Farouk', 'Samir Farouk', 'samir.farouk@westbank.com', 'pass044', '+20188123456', 'DEFAULT'),
('stf045', 'Layla', 'Rashad', 'Layla Rashad', 'layla.rashad@marsamatrouh.com', 'pass045', '+20199234567', 'WORKER'),
('stf046', 'Adel', 'Mustafa', 'Adel Mustafa', 'adel.mustafa@benisuef.com', 'pass046', '+20100456789', 'MANGER'),
('stf047', 'Menna', 'Zakaria', 'Menna Zakaria', 'menna.zakaria@minya.com', 'pass047', '+20111567890', 'ADMIN'),
('stf048', 'Tariq', 'Helmy', 'Tariq Helmy', 'tariq.helmy@damanhour.com', 'pass048', '+20122678901', 'MANGER'),
('stf049', 'Ghada', 'Nour', 'Ghada Nour', 'ghada.nour@mitghamr.com', 'pass049', '+20133789012', 'DEFAULT'),
('stf050', 'Ashraf', 'Salem', 'Ashraf Salem', 'ashraf.salem@raselbar.com', 'pass050', '+20144890123', 'WORKER'),
('stf051', 'Reem', 'Khalifa', 'Reem Khalifa', 'reem.khalifa@kharga.com', 'pass051', '+20155901234', 'MANGER'),
('stf052', 'Emad', 'Hafez', 'Emad Hafez', 'emad.hafez@mallawi.com', 'pass052', '+20167012345', 'ADMIN'),
('stf053', 'Salma', 'Badawi', 'Salma Badawi', 'salma.badawi@samannoud.com', 'pass053', '+20178123456', 'MANGER'),
('stf054', 'Fady', 'Aziz', 'Fady Aziz', 'fady.aziz@shibin.com', 'pass054', '+20189234567', 'DEFAULT'),
('stf055', 'Yasmin', 'Anwar', 'Yasmin Anwar', 'yasmin.anwar@dairut.com', 'pass055', '+20190345678', 'WORKER');

-- Insert data for User table
INSERT INTO User VALUES
('usr001', 'Mahmoud', 'Ali', 'mahmoud.ali@example.com', 'user123', '+20100111222', 'Heliopolis, Cairo'),
('usr002', 'Fatma', 'Mohamed', 'fatma.mohamed@example.com', 'user234', '+20111222333', 'Maadi, Cairo'),
('usr003', 'Khaled', 'Ibrahim', 'khaled.ibrahim@example.com', 'user345', '+20122333444', 'Dokki, Cairo'),
('usr004', 'Amina', 'Hassan', 'amina.hassan@example.com', 'user456', '+20103444555', 'Smouha, Alexandria'),
('usr005', 'Mostafa', 'Youssef', 'mostafa.youssef@example.com', 'user567', '+20114555666', 'Downtown, Cairo'),
('usr006', 'Salma', 'Karim', 'salma.karim@example.com', 'user678', '+20125666777', 'New Cairo'),
('usr007', 'Youssef', 'Ahmed', 'youssef.ahmed@example.com', 'user789', '+20106777888', 'Nasr City, Cairo'),
('usr008', 'Nada', 'Salem', 'nada.salem@example.com', 'user890', '+20117888999', 'Downtown Alexandria'),
('usr009', 'Tamer', 'Hossam', 'tamer.hossam@example.com', 'user901', '+20128999000', 'Hurghada'),
('usr010', 'Mona', 'Tarek', 'mona.tarek@example.com', 'user012', '+20109000111', 'Sharm El Sheikh'),
('usr011', 'Hesham', 'Nabil', 'hesham.nabil@example.com', 'user123', '+20110111222', 'Luxor'),
('usr012', 'Rana', 'Essam', 'rana.essam@example.com', 'user234', '+20121222333', '6th of October, Cairo'),
('usr013', 'Amr', 'Magdy', 'amr.magdy@example.com', 'user345', '+20102333444', 'Nasr City, Cairo'),
('usr014', 'Dalia', 'Ihab', 'dalia.ihab@example.com', 'user456', '+20113444555', 'Aswan'),
('usr015', 'Mohamed', 'Samy', 'mohamed.samy@example.com', 'user567', '+20124555666', 'Zamalek, Cairo'),
('usr016', 'Hend', 'Omar', 'hend.omar@example.com', 'user678', '+20105666777', 'Garden City, Cairo'),
('usr017', 'Ayman', 'Sherif', 'ayman.sherif@example.com', 'user789', '+20116777888', 'Maadi, Cairo'),
('usr018', 'Noha', 'Mohsen', 'noha.mohsen@example.com', 'user890', '+20127888999', 'New Cairo'),
('usr019', 'Waleed', 'Hamdy', 'waleed.hamdy@example.com', 'user901', '+20108999000', 'Heliopolis, Cairo'),
('usr020', 'Ghada', 'Farouk', 'ghada.farouk@example.com', 'user012', '+20119000111', 'Smouha, Alexandria');

-- Insert data for Room table
INSERT INTO Room VALUES
('rm001', 'Innovation Lab', 'DESK', 'Large conference room with modern equipment', 30, 30, 200.00, 'Available', 'ws001'),
('rm002', 'Entrepreneurship Hub', 'MEETING', 'Medium-sized meeting room for team discussions', 12, 12, 150.00, 'Available', 'ws001'),
('rm003', 'Startup Corner', 'DESK', 'Open workspace with multiple desks', 20, 20, 100.00, 'Available', 'ws001'),
('rm004', 'Garden View', 'PRIVATE', 'Quiet office with garden view', 6, 6, 180.00, 'Available', 'ws002'),
('rm005', 'Cairo Skyline', 'PUBLIC', 'Large room with city views', 25, 25, 220.00, 'Available', 'ws002'),
('rm006', 'Creative Zone', 'PRIVATE', 'Open plan workspace for creatives', 15, 15, 120.00, 'Available', 'ws002'),
('rm007', 'Executive Suite', 'DESK', 'Premium private office for executives', 4, 4, 250.00, 'Available', 'ws003'),
('rm008', 'Brainstorm Room', 'PRIVATE', 'Room designed for creative thinking', 10, 10, 160.00, 'Available', 'ws003'),
('rm009', 'Tech Hub', 'GAMING', 'Tech-focused open workspace', 18, 18, 110.00, 'Available', 'ws003'),
('rm010', 'Developer Den', 'DESK', 'Workspace designed for developers', 20, 20, 100.00, 'Available', 'ws004'),
('rm011', 'Code Lab', 'GAMING', 'Specialized room for coding workshops', 15, 15, 170.00, 'Available', 'ws004'),
('rm012', 'Urban Loft', 'MEETING', 'Industrial style open workspace', 25, 25, 110.00, 'Available', 'ws005'),
('rm013', 'City View', 'MEETING', 'Large conference room with city view', 28, 28, 210.00, 'Available', 'ws005'),
('rm014', 'Seed Lab', 'MEETING', 'Medium meeting room for startups', 10, 10, 150.00, 'Available', 'ws006'),
('rm015', 'Growth Studio', 'DESK', 'Office for growing startups', 8, 8, 190.00, 'Available', 'ws006'),
('rm016', 'Alexandria Room', 'PUBLIC', 'Large room with Mediterranean theme', 24, 24, 200.00, 'Available', 'ws007'),
('rm017', 'Innovation Space', 'DESK', 'Open workspace for innovators', 20, 20, 100.00, 'Available', 'ws007'),
('rm018', 'Creative Studio', 'DESK', 'Room designed for creative professionals', 12, 12, 160.00, 'Available', 'ws008'),
('rm019', 'Digital Nomad Zone', 'SEMINAR', 'Open area for digital nomads', 22, 22, 90.00, 'Available', 'ws008'),
('rm020', 'Sea View', 'MEETING', 'Conference room with Red Sea views', 20, 20, 240.00, 'Available', 'ws009'),
('rm021', 'Beach Work', 'PUBLIC', 'Open workspace with coastal vibes', 18, 18, 120.00, 'Available', 'ws009'),
('rm022', 'Coral Meeting', 'MEETING', 'Meeting room with coral reef theme', 10, 10, 180.00, 'Available', 'ws010'),
('rm023', 'Resort Office', 'PRIVATE', 'Private office with resort atmosphere', 6, 6, 220.00, 'Available', 'ws010'),
('rm024', 'Pharaoh Room', 'PUBLIC', 'Egyptian themed conference room', 22, 22, 210.00, 'Available', 'ws011'),
('rm025', 'Nile View', 'PUBLIC', 'Open workspace with historical themes', 16, 15, 110.00, 'Available', 'ws011'),
('rm026', 'October Suite', 'PRIVATE', 'Private office in October City', 5, 5, 170.00, 'Available', 'ws012'),
('rm027', 'Mall View', 'MEETING', 'Conference room with mall view', 18, 18, 190.00, 'Available', 'ws012'),
('rm028', 'Professional Hub', 'MEETING', 'Business-focused meeting room', 14, 14, 160.00, 'Available', 'ws013'),
('rm029', 'Work Station', 'DESK', 'Professional open workspace', 20, 20, 110.00, 'Available', 'ws013'),
('rm030', 'Riverside Room', 'MEETING', 'Conference room with Nile views', 24, 24, 230.00, 'Available', 'ws014'),
('rm031', 'Nubian Office', 'PRIVATE', 'Private office with Nubian design', 6, 6, 200.00, 'Available', 'ws014'),
('rm032', 'Boutique Suite', 'PRIVATE', 'Upscale private office in Zamalek', 4, 4, 260.00, 'Available', 'ws015'),
('rm033', 'Island View', 'MEETING', 'Conference room with island views', 20, 20, 240.00, 'Available', 'ws015'),
('rm034', 'Art Space', 'GAMING', 'Artistic open workspace', 15, 15, 130.00, 'Available', 'ws015'),
('rm035', 'Executive Boardroom', 'MEETING', 'High-end boardroom for corporate meetings', 16, 16, 280.00, 'Available', 'ws016'),
('rm036', 'Business Lounge', 'DESK', 'Open workspace with business atmosphere', 25, 25, 120.00, 'Available', 'ws016'),
('rm037', 'Pharaoh Suite', 'PRIVATE', 'Luxury office with pyramid views', 8, 8, 300.00, 'Available', 'ws017'),
('rm038', 'Sphinx Meeting Room', 'MEETING', 'Meeting room with Egyptian decor', 12, 12, 220.00, 'Available', 'ws017'),
('rm039', 'Captains Quarter', 'SEMINAR', 'Maritime-themed private office', 6, 6, 190.00, 'Available', 'ws018'),
('rm040', 'Trade Floor', 'PUBLIC', 'Open space for traders and logistics', 30, 30, 100.00, 'Available', 'ws018'),
('rm041', 'Coral Reef Room', 'MEETING', 'Ocean view meeting room', 10, 10, 250.00, 'Available', 'ws019'),
('rm042', 'Beach Deck', 'PUBLIC', 'Outdoor working space with sea breeze', 20, 20, 140.00, 'Available', 'ws019'),
('rm043', 'Design Studio', 'PRIVATE', 'Space for furniture designers', 15, 15, 180.00, 'Available', 'ws020'),
('rm044', 'Showroom Space', 'PUBLIC', 'Exhibition area for furniture', 40, 40, 90.00, 'Available', 'ws020'),
('rm045', 'Canal View Executive', 'MEETING', 'Executive office overlooking the canal', 8, 8, 260.00, 'Available', 'ws021'),
('rm046', 'Logistics Hub', 'DESK', 'Open space for logistics companies', 28, 28, 110.00, 'Available', 'ws021'),
('rm047', 'Research Lab', 'PRIVATE', 'Private lab for research projects', 12, 12, 200.00, 'Available', 'ws022'),
('rm048', 'Student Zone', 'DESK', 'Affordable space for students', 35, 35, 80.00, 'Available', 'ws022'),
('rm049', 'Silicon Valley', 'SEMINAR', 'Premium tech office space', 10, 10, 320.00, 'Available', 'ws023'),
('rm050', 'Innovation Arena', 'PUBLIC', 'Large open space for tech teams', 40, 40, 150.00, 'Available', 'ws023'),
('rm051', 'Art Gallery', 'PUBLIC', 'Creative space with exhibition area', 20, 20, 240.00, 'Available', 'ws024'),
('rm052', 'Makers Space', 'GAMING', 'Workshop area for creators', 25, 25, 130.00, 'Available', 'ws024'),
('rm053', 'Unicorn Suite', 'PRIVATE', 'Premium space for established startups', 12, 12, 280.00, 'Available', 'ws025'),
('rm054', 'Incubator Floor', 'PUBLIC', 'Open floor for early-stage startups', 45, 45, 100.00, 'Available', 'ws025'),
('rm055', 'Focus Pod A', 'PRIVATE', 'Single person focus booth', 1, 1, 50.00, 'Available', 'ws016'),
('rm056', 'Focus Pod B', 'PRIVATE', 'Single person focus booth', 1, 1, 50.00, 'Available', 'ws016'),
('rm057', 'Conference Hall', 'MEETING', 'Large conference facility', 50, 50, 400.00, 'Available', 'ws017'),
('rm058', 'Nile Terrace', 'SEMINAR', 'Outdoor workspace with Nile views', 15, 15, 160.00, 'Available', 'ws017'),
('rm059', 'Import Office', 'PRIVATE', 'Dedicated import business office', 8, 8, 210.00, 'Available', 'ws018'),
('rm060', 'Export Office', 'PRIVATE', 'Dedicated export business office', 8, 8, 210.00, 'Available', 'ws018'),
('rm061', 'Delta Developer Den', 'DESK', 'Open space for developers', 30, 30, 95.00, 'Available', 'ws026'),
('rm062', 'Startup Studio', 'MEETING', 'Private studio for startups', 10, 10, 170.00, 'Available', 'ws026'),
('rm063', 'Pharaonic Hall', 'MEETING', 'Traditional meeting hall', 20, 20, 185.00, 'Available', 'ws027'),
('rm064', 'Oasis Room', 'PUBLIC', 'Relaxing open workspace', 18, 18, 105.00, 'Available', 'ws027'),
('rm065', 'Desert Rose', 'PRIVATE', 'Bedouin-themed private office', 6, 6, 195.00, 'Available', 'ws028'),
('rm066', 'Peace Conference', 'MEETING', 'Conference room for peace initiatives', 15, 15, 165.00, 'Available', 'ws028'),
('rm067', 'Temple View', 'PRIVATE', 'Office with temple views', 8, 8, 175.00, 'Available', 'ws029'),
('rm068', 'Cultural Exchange', 'SEMINAR', 'Space for cultural projects', 22, 22, 115.00, 'Available', 'ws029'),
('rm069', 'Express Office', 'MEETING', 'Quick meeting space near station', 4, 4, 155.00, 'Available', 'ws030'),
('rm070', 'Transit Lounge', 'DESK', 'Workspace for travelers', 25, 25, 85.00, 'Available', 'ws030'),
('rm071', 'Tech Lab Alpha', 'MEETING', 'High-tech meeting room with advanced AV', 12, 12, 250.00, 'Available', 'ws031'),
('rm072', 'Code Zone', 'PUBLIC', 'Open workspace for developers', 30, 30, 120.00, 'Available', 'ws031'),
('rm073', 'Private Suite A', 'PRIVATE', 'Executive private office', 4, 4, 300.00, 'Available', 'ws031'),
('rm074', 'Canal View Conference', 'SEMINAR', 'Large seminar room with canal views', 50, 50, 400.00, 'Available', 'ws032'),
('rm075', 'Trade Office', 'PRIVATE', 'Private office for traders', 6, 6, 220.00, 'Available', 'ws032'),
('rm076', 'Innovation Lab', 'MEETING', 'Creative meeting space', 15, 15, 280.00, 'Available', 'ws032'),
('rm077', 'Lake View Studio', 'PRIVATE', 'Studio with panoramic lake views', 8, 8, 350.00, 'Available', 'ws033'),
('rm078', 'Creative Commons', 'PUBLIC', 'Open creative workspace', 25, 25, 110.00, 'Available', 'ws033'),
('rm079', 'Meditation Room', 'MEETING', 'Peaceful meeting space', 10, 10, 200.00, 'Available', 'ws033'),
('rm080', 'Delta Conference', 'SEMINAR', 'Professional conference room', 40, 40, 380.00, 'Available', 'ws034'),
('rm081', 'Business Suite', 'PRIVATE', 'Executive business office', 5, 5, 240.00, 'Available', 'ws034'),
('rm082', 'Open Office', 'PUBLIC', 'Shared workspace area', 20, 20, 95.00, 'Available', 'ws034'),
('rm083', 'Academic Hall', 'SEMINAR', 'University-style lecture hall', 60, 60, 320.00, 'Available', 'ws035'),
('rm084', 'Study Pods', 'DESK', 'Individual study desks', 15, 15, 80.00, 'Available', 'ws035'),
('rm085', 'Research Room', 'MEETING', 'Academic research meeting room', 12, 12, 180.00, 'Available', 'ws035'),
('rm086', 'Tech Center', 'GAMING', 'Gaming and VR development space', 10, 10, 350.00, 'Available', 'ws036'),
('rm087', 'Innovation Hub', 'PUBLIC', 'Open innovation workspace', 28, 28, 130.00, 'Available', 'ws036'),
('rm088', 'Executive Tech', 'PRIVATE', 'Private tech office', 6, 6, 280.00, 'Available', 'ws036'),
('rm089', 'Express Meeting', 'MEETING', 'Quick meeting room for travelers', 8, 8, 150.00, 'Available', 'ws037'),
('rm090', 'Transit Lounge', 'PUBLIC', 'Open workspace for commuters', 35, 35, 85.00, 'Available', 'ws037'),
('rm091', 'Private Express', 'PRIVATE', 'Private office with station access', 4, 4, 190.00, 'Available', 'ws037'),
('rm092', 'Enterprise Suite', 'PRIVATE', 'Large enterprise office', 10, 10, 320.00, 'Available', 'ws038'),
('rm093', 'Conference Center', 'SEMINAR', 'Professional conference facility', 45, 45, 420.00, 'Available', 'ws038'),
('rm094', 'Business Lounge', 'PUBLIC', 'Open business workspace', 22, 22, 140.00, 'Available', 'ws038'),
('rm095', 'Pharaoh Studio', 'PRIVATE', 'Ancient Egypt themed studio', 7, 7, 380.00, 'Available', 'ws039'),
('rm096', 'Creative Workshop', 'MEETING', 'Artistic workshop space', 18, 18, 250.00, 'Available', 'ws039'),
('rm097', 'Temple View', 'PUBLIC', 'Open space with temple views', 24, 24, 160.00, 'Available', 'ws039'),
('rm098', 'Mediterranean Suite', 'PRIVATE', 'Luxury suite with sea views', 6, 6, 400.00, 'Available', 'ws040'),
('rm099', 'Beach Conference', 'SEMINAR', 'Beachside conference room', 35, 35, 450.00, 'Available', 'ws040'),
('rm100', 'Coastal Commons', 'PUBLIC', 'Open coastal workspace', 20, 20, 170.00, 'Available', 'ws040'),
('rm101', 'Innovation Lab', 'GAMING', 'Tech innovation and gaming space', 12, 12, 300.00, 'Available', 'ws041'),
('rm102', 'Startup Studio', 'PRIVATE', 'Private startup office', 5, 5, 220.00, 'Available', 'ws041'),
('rm103', 'Open Innovation', 'PUBLIC', 'Collaborative workspace', 26, 26, 115.00, 'Available', 'ws041'),
('rm104', 'Art Gallery Office', 'PRIVATE', 'Office with art gallery', 8, 8, 340.00, 'Available', 'ws042'),
('rm105', 'Creative Meeting', 'MEETING', 'Artistic meeting space', 14, 14, 260.00, 'Available', 'ws042'),
('rm106', 'Artists Commons', 'PUBLIC', 'Open creative workspace', 30, 30, 125.00, 'Available', 'ws042'),
('rm107', 'Digital Suite', 'PRIVATE', 'High-tech digital office', 6, 6, 290.00, 'Available', 'ws043'),
('rm108', 'Nomad Lounge', 'PUBLIC', 'Digital nomad workspace', 28, 28, 105.00, 'Available', 'ws043'),
('rm109', 'Virtual Meeting', 'MEETING', 'VR-equipped meeting room', 10, 10, 320.00, 'Available', 'ws043'),
('rm110', 'Community Hall', 'SEMINAR', 'Large community gathering space', 55, 55, 280.00, 'Available', 'ws044'),
('rm111', 'Local Office', 'PRIVATE', 'Small local business office', 4, 4, 160.00, 'Available', 'ws044'),
('rm112', 'Shared Space', 'PUBLIC', 'Community shared workspace', 25, 25, 90.00, 'Available', 'ws044'),
('rm113', 'Beach View Suite', 'PRIVATE', 'Premium beach view office', 8, 8, 450.00, 'Available', 'ws045'),
('rm114', 'Summer Conference', 'SEMINAR', 'Seasonal conference room', 40, 40, 500.00, 'Available', 'ws045'),
('rm115', 'Beach Workspace', 'PUBLIC', 'Open beach-themed workspace', 22, 22, 180.00, 'Available', 'ws045'),
('rm116', 'Oasis Office', 'PRIVATE', 'Desert oasis private office', 5, 5, 210.00, 'Available', 'ws046'),
('rm117', 'Desert Meeting', 'MEETING', 'Climate-controlled meeting room', 12, 12, 240.00, 'Available', 'ws046'),
('rm118', 'Nomad Space', 'PUBLIC', 'Open desert workspace', 18, 18, 100.00, 'Available', 'ws046'),
('rm119', 'Business Elite', 'PRIVATE', 'Elite business office', 6, 6, 260.00, 'Available', 'ws047'),
('rm120', 'Professional Meeting', 'MEETING', 'Professional meeting facility', 16, 16, 220.00, 'Available', 'ws047'),
('rm121', 'Business Commons', 'PUBLIC', 'Shared business workspace', 20, 20, 110.00, 'Available', 'ws047'),
('rm122', 'Tech Suite', 'PRIVATE', 'Technology focused office', 7, 7, 310.00, 'Available', 'ws048'),
('rm123', 'Innovation Meeting', 'MEETING', 'Tech meeting space', 14, 14, 270.00, 'Available', 'ws048'),
('rm124', 'Developer Den', 'GAMING', 'Gaming and development space', 15, 15, 330.00, 'Available', 'ws048'),
('rm125', 'Studio A', 'PRIVATE', 'Private creative studio', 6, 6, 280.00, 'Available', 'ws049'),
('rm126', 'Workshop Space', 'MEETING', 'Creative workshop room', 20, 20, 230.00, 'Available', 'ws049'),
('rm127', 'Creative Hub', 'PUBLIC', 'Open creative workspace', 24, 24, 120.00, 'Available', 'ws049'),
('rm128', 'Enterprise Executive', 'PRIVATE', 'Executive enterprise office', 10, 10, 360.00, 'Available', 'ws050'),
('rm129', 'Corporate Conference', 'SEMINAR', 'Large corporate conference room', 50, 50, 480.00, 'Available', 'ws050'),
('rm130', 'Enterprise Commons', 'PUBLIC', 'Open enterprise workspace', 30, 30, 150.00, 'Available', 'ws050');

-- Insert data for Amenity table
INSERT INTO Amenity VALUES
('am001', 'WiFi', 'Technology', 'Fast internet connection for all users', 1, 'rm001'),
('am002', 'TV', 'Technology', '65-inch 4K smart TV for presentations', 1, 'rm001'),
('am003', 'Whiteboard', 'Office Equipment', 'Large whiteboard for brainstorming', 1, 'rm001'),
('am004', 'Coffee', 'Food & Beverage', 'Premium coffee maker', 1, 'rm002'),
('am005', 'Projector', 'Technology', 'HD projector for presentations', 1, 'rm002'),
('am006', 'Chairs', 'Furniture', 'Comfortable ergonomic office chairs', 20, 'rm003'),
('am007', 'Desks', 'Furniture', 'Adjustable height desks', 5, 'rm003'),
('am008', 'Air Conditioner', 'Environment', 'HEPA air purification system', 1, 'rm004'),
('am009', 'Bathroom', 'Facilities', 'En-suite bathroom', 1, 'rm004'),
('am010', 'Phone', 'Technology', 'High-quality conferencing system', 1, 'rm005'),
('am011', 'Whiteboard', 'Technology', 'Interactive digital whiteboard', 1, 'rm005'),
('am012', 'Chairs', 'Facilities', 'Comfortable seating area', 1, 'rm006'),
('am013', 'Printer', 'Office Equipment', 'Color printer and scanner', 1, 'rm006'),
('am014', 'Desks', 'Furniture', 'Premium executive desk', 1, 'rm007'),
('am015', 'Phone', 'Facilities', 'Soundproof booth for calls', 1, 'rm007'),
('am016', 'Monitor', 'Office Equipment', 'Wall-sized whiteboard for ideation', 1, 'rm008'),
('am017', 'Monitor', 'Technology', 'High-quality audio system', 1, 'rm008'),
('am018', 'Parking', 'Technology', 'Multiple device charging stations', 5, 'rm009'),
('am019', 'Monitor', 'Technology', 'Direct server access for developers', 1, 'rm010'),
('am020', 'Monitor', 'Technology', 'Dual monitor setup for each desk', 10, 'rm010'),
('am021', 'Whiteboard', 'Office Equipment', 'Specialized boards for code review', 2, 'rm011'),
('am022', 'Chairs', 'Furniture', 'Industrial design furniture', 15, 'rm012'),
('am023', 'Whiteboard', 'Technology', 'Interactive smart board', 1, 'rm013'),
('am024', 'Monitor', 'Technology', 'Advanced video conferencing setup', 1, 'rm014'),
('am025', 'Art Tools', 'Facilities', 'Small business library', 1, 'rm015'),
('am026', 'Art Tools', 'Design', 'Alexandria-inspired interior design', 1, 'rm016'),
('am027', 'Bathroom', 'Facilities', 'Tools and equipment for prototyping', 1, 'rm017'),
('am028', 'Art Tools', 'Creative Tools', 'Various art supplies for creatives', 1, 'rm018'),
('am029', 'Desks', 'Furniture', 'Relaxing hammock area', 3, 'rm019'),
('am030', 'Beverage', 'Design', 'Large windows with sea views', 4, 'rm020'),
('am031', 'Monitor', 'Facilities', 'Direct access to the beach', 1, 'rm021'),
('am032', 'Art Tools', 'Design', 'Live coral reef aquarium', 1, 'rm022'),
('am033', 'Safe', 'Services', 'Access to resort amenities', 1, 'rm023'),
('am034', 'Art Tools', 'Design', 'Ancient Egyptian inspired artwork', 5, 'rm024'),
('am035', 'Screen', 'Facilities', 'Collection of Egyptian history books', 1, 'rm025'),
('am036', 'Monitor', 'Facilities', 'Direct access to shopping mall', 1, 'rm026'),
('am037', 'Monitor', 'Services', 'Special discounts at mall shops', 1, 'rm027'),
('am038', 'Services', 'Services', 'Professional business support services', 1, 'rm028'),
('am039', 'Desks', 'Furniture', 'Fully adjustable workstations', 10, 'rm029'),
('am040', 'Nice View', 'Facilities', 'Private balcony with river views', 1, 'rm030'),
('am041', 'Design', 'Design', 'Traditional Nubian decor', 1, 'rm031'),
('am042', 'Desks', 'Furniture', 'High-end designer furniture', 1, 'rm032'),
('am043', 'Art Tools', 'Design', 'Curated art pieces from local artists', 1, 'rm033'),
('am044', 'Art Tools', 'Creative Equipment', 'Various tools for creative work', 1, 'rm034'),
('am045', 'Screen', 'Technology', 'State-of-the-art video conferencing', 1, 'rm035'),
('am046', 'Services', 'Facilities', 'Exclusive lounge access', 1, 'rm035'),
('am047', 'Nice View', 'Facilities', 'Private terrace with pyramid views', 1, 'rm037'),
('am048', 'Art Tools', 'Design', 'Authentic Egyptian artifacts', 5, 'rm038'),
('am049', 'Services', 'Design', 'Historical maritime navigation maps', 3, 'rm039'),
('am050', 'Screen', 'Technology', 'Real-time trading monitors', 10, 'rm040'),
('am051', 'Art Tools', 'Recreation', 'Complimentary snorkeling gear', 5, 'rm041'),
('am052', 'Services', 'Facilities', 'Shaded outdoor workstations', 8, 'rm042'),
('am053', 'Projector', 'Technology', 'CAD software licenses', 5, 'rm043'),
('am054', 'Decore', 'Furniture', 'Furniture display equipment', 10, 'rm044'),
('am055', 'Nice View,', 'Facilities', 'View passing ships', 1, 'rm045'),
('am056', 'Tech', 'Technology', 'Supply chain management tools', 1, 'rm046'),
('am057', 'Tech', 'Technology', 'Basic research equipment', 1, 'rm047'),
('am058', 'Chairs', 'Furniture', 'Quiet study areas', 10, 'rm048'),
('am059', 'Monitor', 'Technology', 'Private server room', 1, 'rm049'),
('am060', 'Screen', 'Technology', 'Virtual reality development kits', 5, 'rm050'),
('am061', 'Art Tools', 'Creative Tools', 'Professional art materials', 1, 'rm051'),
('am062', 'Printer', 'Technology', 'Industrial 3D printing', 3, 'rm052'),
('am063', 'Screen', 'Technology', 'Large presentation display', 1, 'rm053'),
('am064', 'Services', 'Services', 'Access to startup mentors', 1, 'rm054'),
('am065', 'Services', 'Environment', 'Complete sound isolation', 1, 'rm055'),
('am066', 'Air Conditioner', 'Environment', 'Individual climate control', 1, 'rm055'),
('am067', 'Desks', 'Furniture', 'Adjustable standing desk', 1, 'rm056'),
('am068', 'Monitor', 'Facilities', 'Professional stage and lighting', 1, 'rm057'),
('am069', 'Air Conditioner', 'Environment', 'Heating for cool evenings', 4, 'rm058'),
('am070', 'Tech', 'Technology', 'Import documentation tools', 1, 'rm059'),
('am071', 'Tech', 'Technology', 'Export management software', 1, 'rm060'),
('am072', 'Tech', 'Technology', 'Access to premium code libraries', 1, 'rm061'),
('am073', 'Services', 'Services', 'Legal and financial templates', 1, 'rm062'),
('am074', 'Design', 'Design', 'Ancient Egyptian replicas', 8, 'rm063'),
('am075', 'Services', 'Environment', 'Relaxing fountains', 2, 'rm064'),
('am076', 'Services', 'Environment', 'Native desert landscaping', 5, 'rm065'),
('am077', 'Design', 'Design', 'International peace artwork', 6, 'rm066'),
('am078', 'Services', 'Facilities', 'Egyptian history library', 1, 'rm067'),
('am079', 'Design', 'Design', 'Local cultural displays', 10, 'rm068'),
('am080', 'Services', 'Facilities', 'Secure storage for travelers', 10, 'rm069'),
('am081', 'Services', 'Services', 'Transportation schedules display', 1, 'rm070'),
('am082', 'Services', 'Facilities', 'Dedicated prayer space', 1, 'rm055'),
('am083', 'Tech', 'Technology', 'Professional podcast recording setup', 1, 'rm056'),
('am084', 'Services', 'Facilities', 'Simultaneous translation booth', 2, 'rm057'),
('am085', 'Services', 'Facilities', 'BBQ and cooking facilities', 1, 'rm058'),
('am086', 'Services', 'Services', 'Import/export document templates', 1, 'rm059'),
('am087', 'Tech', 'Technology', 'Real-time shipping cost calculator', 1, 'rm060'),
('am088', 'Tech', 'Technology', 'High-end gaming PCs for dev testing', 5, 'rm061'),
('am089', 'Services', 'Facilities', 'Mirror wall for presentation practice', 1, 'rm062'),
('am090', 'Safe', 'Environment', 'Traditional background music system', 1, 'rm063'),
('am091', 'Services', 'Facilities', 'Quiet meditation space', 1, 'rm064'),
('am092', 'Art Tools', 'Design', 'Decorative sand art installations', 3, 'rm065'),
('am093', 'Design', 'Design', 'International flags display', 1, 'rm066'),
('am094', 'Design', 'Design', 'Educational hieroglyphic displays', 4, 'rm067'),
('am095', 'Design', 'Design', 'Display of local handicrafts', 8, 'rm068'),
('am096', 'Tech', 'Technology', 'Fast charging stations for all devices', 6, 'rm069'),
('am097', 'Services', 'Facilities', 'Comfort items for travelers', 10, 'rm070'),
('am098', 'WiFi', 'Tech', 'High-speed fiber internet', 1, 'rm071'),
('am099', 'TV', 'Tech', '85-inch smart display', 1, 'rm071'),
('am100', 'Whiteboard', 'Tech', 'Interactive digital whiteboard', 2, 'rm071'),
('am101', 'Desks', 'Tech', 'Standing desks with monitors', 30, 'rm072'),
('am102', 'Coffee', 'Services', 'Premium coffee station', 1, 'rm072'),
('am103', 'Air Conditioner', 'Services', 'Climate control system', 1, 'rm072'),
('am104', 'Phone', 'Tech', 'VoIP conference phone', 1, 'rm073'),
('am105', 'Safe', 'Services', 'Digital safe for valuables', 1, 'rm073'),
('am106', 'Nice View', 'Design', 'Panoramic city views', 1, 'rm073'),
('am107', 'Projector', 'Tech', '4K laser projector', 1, 'rm074'),
('am108', 'Chairs', 'Services', 'Ergonomic conference chairs', 50, 'rm074'),
('am109', 'Beverage', 'Services', 'Refreshment station', 1, 'rm074'),
('am110', 'Monitor', 'Tech', 'Dual monitor setup', 2, 'rm075'),
('am111', 'Printer', 'Tech', 'Network printer/scanner', 1, 'rm075'),
('am112', 'Bathroom', 'Services', 'Private ensuite bathroom', 1, 'rm075'),
('am113', 'Art Tools', 'Design', 'Professional art supplies', 1, 'rm077'),
('am114', 'Nice View', 'Design', 'Lake panorama', 1, 'rm077'),
('am115', 'Coffee', 'Services', 'Artisan coffee bar', 1, 'rm078'),
('am116', 'WiFi', 'Tech', 'Creative cloud access', 1, 'rm079'),
('am117', 'Screen', 'Tech', 'Presentation screen', 1, 'rm080'),
('am118', 'Parking', 'Services', 'Reserved parking spots', 10, 'rm081'),
('am119', 'Desks', 'Tech', 'Hot desks', 20, 'rm082'),
('am120', 'Whiteboard', 'Tech', 'Academic whiteboards', 3, 'rm083'),
('am121', 'WiFi', 'Tech', 'Research network access', 1, 'rm084'),
('am122', 'Coffee', 'Services', 'Student cafe', 1, 'rm085'),
('am123', 'Monitor', 'Tech', 'Gaming monitors', 10, 'rm086'),
('am124', 'Tech', 'Tech', 'VR headsets', 5, 'rm086'),
('am125', 'Chairs', 'Services', 'Gaming chairs', 10, 'rm086');

-- Insert data for Request table
INSERT INTO Request VALUES
('req001', 'Technical Support', '2023-01-10 09:30:00', '2023-01-10 11:45:00', 'Internet connection issues in Room 3', 'PENDING', 'Issue fixed by resetting the router'),
('req002', 'Room Booking', '2023-01-15 14:20:00', '2023-01-15 15:00:00', 'Need to book Innovation Lab for tomorrow', 'APPROVED', 'Room booked for requested time'),
('req003', 'Equipment Request', '2023-01-20 10:15:00', '2023-01-20 12:30:00', 'Additional whiteboard needed for meeting', 'APPROVED', 'Whiteboard provided'),
('req004', 'Maintenance', '2023-02-05 08:45:00', '2023-02-05 13:00:00', 'Air conditioning not working in Executive Suite', 'PENDING', 'AC fixed by maintenance team'),
('req005', 'Catering Request', '2023-02-10 11:30:00', '2023-02-10 12:15:00', 'Coffee and snacks for 10 people', 'APPROVED', 'Catering arranged for requested time'),
('req006', 'Technical Support', '2023-02-15 15:40:00', '2023-02-15 16:30:00', 'Projector not connecting to laptop', 'PENDING', 'Connection issue fixed'),
('req007', 'Room Change', '2023-03-01 09:00:00', '2023-03-01 10:00:00', 'Need to move from Creative Zone to Cairo Skyline', 'APPROVED', 'Room change approved'),
('req008', 'Extended Hours', '2023-03-10 18:00:00', '2023-03-10 18:30:00', 'Need to work until midnight', 'REJECTED', 'Building closes at 10 PM'),
('req009', 'Membership Upgrade', '2023-03-15 11:20:00', '2023-03-15 14:00:00', 'Want to upgrade from basic to premium', 'APPROVED', 'Membership upgraded'),
('req010', 'Event Space', '2023-04-05 10:00:00', '2023-04-05 13:30:00', 'Book Alexandria Room for networking event', 'APPROVED', 'Space reserved for the event'),
('req011', 'Access Card Issue', '2023-04-20 08:30:00', '2023-04-20 09:15:00', 'Lost access card, need replacement', 'COMPLETED', 'New card issued'),
('req012', 'Noise Complaint', '2023-04-25 14:00:00', '2023-04-25 14:45:00', 'Construction noise from neighboring building', 'PENDING', 'Investigating with building management'),
('req013', 'Extra Chairs', '2023-05-02 10:00:00', '2023-05-02 10:30:00', 'Need 10 extra chairs for workshop', 'APPROVED', 'Chairs delivered to room'),
('req014', 'Parking Space', '2023-05-10 07:45:00', '2023-05-10 08:00:00', 'Reserved parking for client visit', 'APPROVED', 'Parking spot A5 reserved'),
('req015', 'Temperature Control', '2023-05-15 13:20:00', '2023-05-15 14:00:00', 'Room too cold, AC adjustment needed', 'COMPLETED', 'Temperature adjusted to 23°C'),
('req016', 'Printer Issue', '2023-05-20 11:30:00', '2023-05-20 12:15:00', 'Color printer not working properly', 'COMPLETED', 'Printer serviced and fixed'),
('req017', 'Event Setup', '2023-05-25 09:00:00', '2023-05-25 11:00:00', 'Setup for 50-person networking event', 'APPROVED', 'Event setup completed'),
('req018', 'WiFi Upgrade', '2023-06-01 10:30:00', '2023-06-01 15:00:00', 'Need faster internet for video production', 'PENDING', 'Evaluating bandwidth upgrade options'),
('req019', 'Cleaning Service', '2023-06-05 16:00:00', '2023-06-05 16:30:00', 'Deep cleaning requested for private office', 'COMPLETED', 'Deep cleaning completed'),
('req020', 'Security Footage', '2023-06-10 14:45:00', '2023-06-10 17:00:00', 'Lost item, need to check cameras', 'COMPLETED', 'Footage reviewed, item found'),
('req021', 'Catering Large Event', '2023-06-15 08:00:00', '2023-06-15 09:30:00', 'Catering for 100 people conference', 'APPROVED', 'Catering arranged with local vendor'),
('req022', 'Weekend Access', '2023-06-20 17:00:00', '2023-06-20 17:30:00', 'Special access for weekend project', 'APPROVED', 'Weekend access granted'),
('req023', 'Broken Window', '2023-06-25 11:00:00', '2023-06-25 14:00:00', 'Window cracked, needs replacement', 'PENDING', 'Contractor scheduled for tomorrow'),
('req024', 'Translation Service', '2023-07-01 09:30:00', '2023-07-01 10:30:00', 'Arabic-English translator for meeting', 'APPROVED', 'Translator booked for session'),
('req025', 'Storage Space', '2023-07-05 13:00:00', '2023-07-05 13:45:00', 'Need storage for equipment', 'APPROVED', 'Storage locker B12 assigned'),
('req026', 'Lost and Found', '2023-07-10 11:00:00', '2023-07-10 12:00:00', 'Left laptop charger in rm049', 'COMPLETED', 'Item found and returned'),
('req027', 'Membership Downgrade', '2023-07-15 14:30:00', '2023-07-15 15:00:00', 'Switch from premium to basic plan', 'APPROVED', 'Plan changed effective next month'),
('req028', 'Security Concern', '2023-07-20 16:45:00', '2023-07-20 17:30:00', 'Suspicious person in parking lot', 'COMPLETED', 'Security handled the situation'),
('req029', 'Feedback', '2023-07-25 09:15:00', '2023-07-25 10:00:00', 'Suggestion for better coffee options', 'PENDING', 'Considering new coffee vendor'),
('req030', 'Special Event', '2023-08-01 10:30:00', '2023-08-01 12:00:00', 'Host product launch for 100 people', 'APPROVED', 'Event space reserved'),
('req031', 'Room Setup', '2024-01-05 09:00:00', '2024-01-05 10:00:00', 'Need extra monitors for tech lab', 'COMPLETED', 'Monitors installed'),
('req032', 'Access Extension', '2024-01-10 17:30:00', '2024-01-10 18:00:00', 'Need 24/7 access for project', 'APPROVED', 'Access granted for 1 month'),
('req033', 'Catering Service', '2024-01-15 11:00:00', '2024-01-15 11:30:00', 'Lunch for 20 people meeting', 'COMPLETED', 'Catering delivered on time'),
('req034', 'Technical Issue', '2024-01-20 14:00:00', '2024-01-20 15:00:00', 'WiFi connectivity problems', 'COMPLETED', 'Router reset, issue resolved'),
('req035', 'Booking Change', '2024-01-25 10:00:00', '2024-01-25 10:30:00', 'Need to change room from public to private', 'APPROVED', 'Room change processed'),
('req036', 'Equipment Request', '2024-02-01 09:30:00', '2024-02-01 10:00:00', 'Need VR headsets for demo', 'APPROVED', '3 VR headsets provided'),
('req037', 'Complaint', '2024-02-05 15:00:00', '2024-02-05 16:00:00', 'AC too cold in room', 'COMPLETED', 'Temperature adjusted'),
('req038', 'Special Event', '2024-02-10 11:00:00', '2024-02-10 12:00:00', 'Hosting startup pitch event', 'APPROVED', 'Event space prepared'),
('req039', 'Membership Query', '2024-02-15 13:00:00', '2024-02-15 13:30:00', 'Upgrade to premium membership', 'COMPLETED', 'Membership upgraded'),
('req040', 'Lost Item', '2024-02-20 16:00:00', '2024-02-20 17:00:00', 'Left laptop in meeting room', 'COMPLETED', 'Item found and returned');

-- Insert data for Offers table
INSERT INTO Offers VALUES
('off001', 'Summer Special', '20% off on all bookings during summer months', 20.0, '2023-06-01', '2023-08-31', 'Active'),
('off002', 'New Member Discount', '15% off for first-time users', 15.0, '2023-01-01', '2023-12-31', 'Active'),
('off003', 'Weekend Package', '25% off for weekend bookings', 25.0, '2023-02-01', '2023-12-31', 'Active'),
('off004', 'Monthly Subscription', '30% off for monthly subscriptions', 30.0, '2023-03-01', '2023-12-31', 'Active'),
('off005', 'Student Discount', '20% off for university students', 20.0, '2023-01-01', '2023-12-31', 'Active'),
('off006', 'Early Bird', '15% off for bookings before 9 AM', 15.0, '2023-04-01', '2023-12-31', 'Active'),
('off007', 'Night Owl', '20% off for bookings after 6 PM', 20.0, '2023-04-01', '2023-12-31', 'Active'),
('off008', 'Group Booking', '25% off for groups of 5 or more', 25.0, '2023-05-01', '2023-12-31', 'Active'),
('off009', 'Long-term Discount', '35% off for 6-month subscriptions', 35.0, '2023-01-01', '2023-12-31', 'Active'),
('off010', 'Holiday Special', '30% off during national holidays', 30.0, '2023-01-01', '2023-12-31', 'Active');

-- Insert data for Reservation table
INSERT INTO Reservation VALUES
('res001', '2023-01-05', '2023-01-10 09:00:00', '2023-01-10 13:00:00', 'COMPLETED', 800.00, 3, 'ABC123', 'HOURLY'),
('res002', '2023-01-12', '2023-01-15 14:00:00', '2023-01-15 18:00:00', 'COMPLETED', 600.00, 2, 'ABC234', 'HOURLY'),
('res003', '2025-06-29', '2025-06-29 10:00:00', '2025-06-29 15:00:00', 'COMPLETED', 500.00, 1, 'ABC345', 'HOURLY'),
('res004', '2023-02-01', '2023-02-05 09:00:00', '2023-02-05 17:00:00', 'COMPLETED', 2000.00, 2, 'ABC456', 'HOURLY'),
('res005', '2023-02-08', '2023-02-10 11:00:00', '2023-02-10 16:00:00', 'COMPLETED', 750.00, 1, 'ABC567', 'HOURLY'),
('res006', '2023-02-12', '2023-02-15 15:00:00', '2023-02-15 18:00:00', 'COMPLETED', 450.00, 1, 'ABC678', 'HOURLY'),
('res007', '2023-02-25', '2023-03-01 09:00:00', '2023-03-01 14:00:00', 'COMPLETED', 1100.00, 0, 'ABC789', 'HOURLY'),
('res008', '2023-03-07', '2023-03-10 18:00:00', '2023-03-10 22:00:00', 'CANCELLED', 480.00, 0, 'ABC890', 'HOURLY'),
('res009', '2023-03-12', '2023-03-15 10:00:00', '2023-03-15 18:00:00', 'COMPLETED', 1600.00, 2, 'ABC901', 'HOURLY'),
('res010', '2023-04-01', '2023-04-05 09:00:00', '2023-04-05 17:00:00', 'COMPLETED', 1600.00, 3, 'ABC012', 'HOURLY'),
('res011', '2023-04-10', '2023-04-15 10:00:00', '2023-04-15 15:00:00', 'COMPLETED', 900.00, 1, 'DEF123', 'HOURLY'),
('res012', '2023-04-18', '2023-04-20 09:00:00', '2023-04-20 18:00:00', 'COMPLETED', 1350.00, 2, 'DEF234', 'HOURLY'),
('res013', '2023-05-02', '2023-05-05 10:00:00', '2023-05-05 16:00:00', 'COMPLETED', 1080.00, 1, 'DEF345', 'HOURLY'),
('res014', '2023-05-10', '2023-05-15 09:00:00', '2023-05-15 14:00:00', 'COMPLETED', 750.00, 2, 'DEF456', 'HOURLY'),
('res015', '2023-05-20', '2023-05-25 13:00:00', '2023-05-25 18:00:00', 'COMPLETED', 900.00, 1, 'DEF567', 'HOURLY'),
('res016', '2023-05-20', '2023-01-10 09:00:00', '2023-01-10 13:00:00', 'CANCELLED', 800.00, 3, 'DEF678', 'HOURLY'),
('res017', '2023-05-21', '2023-01-10 09:00:00', '2023-01-10 13:00:00', 'CANCELLED', 800.00, 3, 'DEF789', 'HOURLY'),
('res018', '2023-05-25', '2023-01-10 09:00:00', '2023-01-10 13:00:00', 'CANCELLED', 800.00, 3, 'DEF890', 'HOURLY'),
('res019', '2023-06-07', '2023-01-10 09:00:00', '2023-01-10 13:00:00', 'CANCELLED', 800.00, 3, 'DEF901', 'HOURLY'),
('res020', '2023-07-12', '2023-01-10 09:00:00', '2023-01-10 13:00:00', 'COMPLETED', 800.00, 3, 'DEF012', 'HOURLY'),
('res021', '2023-08-14', '2023-01-10 09:00:00', '2023-01-10 13:00:00', 'CANCELLED', 800.00, 3, 'A1V2G3', 'HOURLY'),
('res022', '2025-06-26', '2025-06-26 17:50:00', '2025-06-26 18:00:00', 'COMPLETED', 800.00, 5, 'A1V2ZZ', 'HOURLY'),
('res023', '2023-01-10', '2023-01-15 09:00:00', '2023-01-15 17:00:00', 'COMPLETED', 1600.00, 2, 'ABC111', 'HOURLY'),
('res024', '2023-01-20', '2023-01-25 10:00:00', '2023-01-25 18:00:00', 'COMPLETED', 2240.00, 3, 'ABC222', 'HOURLY'),
('res025', '2023-02-01', '2023-02-05 08:00:00', '2023-02-05 16:00:00', 'COMPLETED', 1520.00, 1, 'ABC333', 'HOURLY'),
('res026', '2023-02-15', '2023-02-20 09:00:00', '2023-02-20 13:00:00', 'COMPLETED', 800.00, 2, 'ABC444', 'HOURLY'),
('res027', '2023-03-01', '2023-03-05 14:00:00', '2023-03-05 18:00:00', 'COMPLETED', 960.00, 1, 'ABC555', 'HOURLY'),
('res028', '2023-03-10', '2023-03-15 09:00:00', '2023-03-15 17:00:00', 'COMPLETED', 2560.00, 4, 'ABC666', 'HOURLY'),
('res029', '2023-03-20', '2023-03-25 10:00:00', '2023-03-25 15:00:00', 'COMPLETED', 1500.00, 2, 'ABC777', 'HOURLY'),
('res030', '2023-04-01', '2023-04-05 08:00:00', '2023-04-05 12:00:00', 'COMPLETED', 640.00, 1, 'ABC888', 'HOURLY'),
('res031', '2023-04-10', '2023-04-15 09:00:00', '2023-04-15 17:00:00', 'CANCELLED', 1920.00, 3, 'ABC999', 'HOURLY'),
('res032', '2023-04-20', '2023-04-25 10:00:00', '2023-04-25 14:00:00', 'CANCELLED', 880.00, 2, 'DEF111', 'HOURLY'),
('res033', '2023-05-01', '2023-05-05 11:00:00', '2023-05-05 16:00:00', 'CANCELLED', 1250.00, 1, 'DEF222', 'HOURLY'),
('res034', '2023-05-10', '2023-05-15 09:00:00', '2023-05-15 18:00:00', 'CANCELLED', 2700.00, 4, 'DEF333', 'HOURLY'),
('res035', '2023-06-01', '2023-06-05 09:00:00', '2023-06-05 17:00:00', 'COMPLETED', 2400.00, 3, 'DEF444', 'HOURLY'),
('res036', '2023-06-10', '2023-06-15 10:00:00', '2023-06-15 15:00:00', 'COMPLETED', 1000.00, 2, 'DEF555', 'HOURLY'),
('res037', '2023-06-20', '2023-06-25 08:00:00', '2023-06-25 16:00:00', 'COMPLETED', 2240.00, 3, 'DEF666', 'HOURLY'),
('res038', '2023-06-25', '2023-06-30 09:00:00', '2023-06-30 13:00:00', 'COMPLETED', 720.00, 1, 'DEF777', 'HOURLY'),
('res039', '2023-07-01', '2023-07-05 10:00:00', '2023-07-05 18:00:00', 'COMPLETED', 2560.00, 4, 'DEF888', 'HOURLY'),
('res040', '2023-07-10', '2023-07-15 09:00:00', '2023-07-15 17:00:00', 'COMPLETED', 1920.00, 2, 'DEF999', 'HOURLY'),
('res041', '2023-07-20', '2023-07-25 11:00:00', '2023-07-25 15:00:00', 'COMPLETED', 800.00, 1, 'GHI111', 'HOURLY'),
('res042', '2023-08-01', '2023-08-05 08:00:00', '2023-08-05 16:00:00', 'COMPLETED', 2080.00, 3, 'GHI222', 'HOURLY'),
('res043', '2023-08-10', '2023-08-15 10:00:00', '2023-08-15 14:00:00', 'COMPLETED', 640.00, 1, 'GHI333', 'HOURLY'),
('res044', '2023-08-20', '2023-08-25 09:00:00', '2023-08-25 17:00:00', 'COMPLETED', 1760.00, 2, 'GHI444', 'HOURLY'),
('res045', '2023-09-01', '2023-09-05 10:00:00', '2023-09-05 18:00:00', 'COMPLETED', 2400.00, 3, 'GHI555', 'HOURLY'),
('res046', '2023-07-01', '2023-07-01 09:00:00', '2023-07-31 18:00:00', 'COMPLETED', 15000.00, 5, 'LNG111', 'HOURLY'),
('res047', '2023-08-01', '2023-08-01 09:00:00', '2023-08-31 18:00:00', 'COMPLETED', 18000.00, 4, 'LNG222', 'HOURLY'),
('res048', '2023-07-15', '2023-07-15 10:00:00', '2023-07-16 18:00:00', 'COMPLETED', 1200.00, 2, 'WKD111', 'HOURLY'),
('res049', '2023-07-22', '2023-07-22 09:00:00', '2023-07-23 17:00:00', 'COMPLETED', 1400.00, 3, 'WKD222', 'HOURLY'),
('res050', '2023-07-10', '2023-07-10 06:00:00', '2023-07-10 09:00:00', 'COMPLETED', 450.00, 1, 'ERL111', 'HOURLY'),
('res051', '2023-07-12', '2023-07-12 06:00:00', '2023-07-12 10:00:00', 'COMPLETED', 600.00, 1, 'ERL222', 'HOURLY'),
('res052', '2023-07-18', '2023-07-18 18:00:00', '2023-07-18 23:00:00', 'COMPLETED', 750.00, 2, 'LTE111', 'HOURLY'),
('res053', '2023-07-25', '2023-07-25 19:00:00', '2023-07-25 23:00:00', 'COMPLETED', 600.00, 1, 'LTE222', 'HOURLY'),
('res054', '2023-08-05', '2023-08-05 09:00:00', '2023-08-05 18:00:00', 'COMPLETED', 3600.00, 6, 'GRP111', 'HOURLY'),
('res055', '2023-08-12', '2023-08-12 10:00:00', '2023-08-12 17:00:00', 'COMPLETED', 2800.00, 5, 'GRP222', 'HOURLY'),
('res056', '2023-12-20', '2023-12-25 10:00:00', '2023-12-25 16:00:00', 'COMPLETED', 1800.00, 3, 'HOL111', 'HOURLY'),
('res057', '2023-12-31', '2024-01-01 20:00:00', '2024-01-02 02:00:00', 'COMPLETED', 900.00, 2, 'NYE111', 'HOURLY'),
('res058', '2023-09-01', '2023-09-01 09:00:00', '2023-09-30 18:00:00', 'COMPLETED', 4500.00, 1, 'SUB111', 'HOURLY'),
('res059', '2023-10-01', '2023-10-01 09:00:00', '2023-10-31 18:00:00', 'COMPLETED', 4500.00, 1, 'SUB222', 'HOURLY'),
('res060', '2023-11-15', '2023-11-15 09:00:00', '2023-11-15 17:00:00', 'COMPLETED', 3200.00, 8, 'TBE111', 'HOURLY'),
('res061', '2024-01-05', '2024-01-10 09:00:00', '2024-01-10 17:00:00', 'COMPLETED', 2000.00, 3, 'ABC321', 'HOURLY'),
('res062', '2024-01-12', '2024-01-15 10:00:00', '2024-01-15 18:00:00', 'COMPLETED', 2400.00, 2, 'ABC432', 'HOURLY'),
('res063', '2024-01-18', '2024-01-20 08:00:00', '2024-01-20 16:00:00', 'COMPLETED', 2560.00, 4, 'ABC543', 'HOURLY'),
('res064', '2024-01-25', '2024-01-30 09:00:00', '2024-01-30 15:00:00', 'COMPLETED', 1800.00, 2, 'ABC654', 'HOURLY'),
('res065', '2024-02-01', '2024-02-05 10:00:00', '2024-02-05 17:00:00', 'COMPLETED', 2100.00, 3, 'ABC765', 'HOURLY'),
('res066', '2024-02-10', '2024-02-15 09:00:00', '2024-02-15 18:00:00', 'CANCELLED', 3600.00, 5, 'ABC876', 'HOURLY'),
('res067', '2024-02-18', '2024-02-20 10:00:00', '2024-02-20 16:00:00', 'CANCELLED', 1500.00, 2, 'ABC987', 'HOURLY'),
('res068', '2024-02-25', '2024-03-01 08:00:00', '2024-03-01 17:00:00', 'CANCELLED', 2700.00, 3, 'DEF321', 'HOURLY'),
('res069', '2024-03-05', '2024-03-10 09:00:00', '2024-03-10 18:00:00', 'COMPLETED', 3200.00, 4, 'DEF432', 'HOURLY'),
('res070', '2024-03-12', '2024-03-15 10:00:00', '2024-03-15 17:00:00', 'COMPLETED', 2100.00, 3, 'DEF543', 'HOURLY'),
('res071', '2024-03-20', '2024-03-25 08:00:00', '2024-03-25 16:00:00', 'COMPLETED', 2880.00, 3, 'DEF654', 'HOURLY'),
('res072', '2024-03-28', '2024-04-01 09:00:00', '2024-04-01 18:00:00', 'COMPLETED', 3600.00, 5, 'DEF765', 'HOURLY'),
('res073', '2024-04-05', '2024-04-10 10:00:00', '2024-04-10 17:00:00', 'COMPLETED', 2800.00, 4, 'DEF876', 'HOURLY'),
('res074', '2024-04-15', '2024-04-20 09:00:00', '2024-04-20 15:00:00', 'COMPLETED', 1800.00, 2, 'DEF987', 'HOURLY'),
('res075', '2024-04-25', '2024-04-30 08:00:00', '2024-04-30 18:00:00', 'COMPLETED', 4000.00, 6, 'GHI321', 'HOURLY'),
('res076', '2024-05-05', '2024-05-10 09:00:00', '2024-05-10 17:00:00', 'COMPLETED', 3200.00, 4, 'GHI432', 'HOURLY'),
('res077', '2024-05-15', '2024-05-20 10:00:00', '2024-05-20 16:00:00', 'COMPLETED', 2400.00, 3, 'GHI543', 'HOURLY'),
('res078', '2024-05-25', '2024-05-30 09:00:00', '2024-05-30 18:00:00', 'COMPLETED', 3600.00, 5, 'GHI654', 'HOURLY'),
('res079', '2024-06-01', '2024-06-05 08:00:00', '2024-06-05 17:00:00', 'COMPLETED', 2880.00, 4, 'GHI765', 'HOURLY'),
('res080', '2024-06-10', '2024-06-15 10:00:00', '2024-06-15 15:00:00', 'COMPLETED', 1500.00, 2, 'GHI876', 'HOURLY'),
('res081', '2024-06-10', '2024-06-15 10:00:00', '2024-06-15 15:00:00', 'CANCELLED', 1500.00, 2, 'GHI876', 'HOURLY'),
('res082', '2024-06-10', '2024-06-15 10:00:00', '2024-06-15 15:00:00', 'CANCELLED', 1500.00, 2, 'GHI876', 'HOURLY'),
('res083', '2024-06-10', '2024-06-15 10:00:00', '2024-06-15 15:00:00', 'CANCELLED', 1500.00, 2, 'GHI876', 'HOURLY'),
('res084', '2024-06-10', '2024-06-15 10:00:00', '2024-06-15 15:00:00', 'CANCELLED', 1500.00, 2, 'GHI876', 'HOURLY'),
('res085', '2024-06-10', '2024-06-15 10:00:00', '2024-06-15 15:00:00', 'CANCELLED', 1500.00, 2, 'GHI876', 'HOURLY'),
('res086', '2024-06-10', '2024-06-15 10:00:00', '2024-06-15 15:00:00', 'CANCELLED', 1500.00, 2, 'GHI876', 'HOURLY'),
('res087', '2024-06-10', '2024-06-15 10:00:00', '2024-06-15 15:00:00', 'CANCELLED', 1500.00, 2, 'GHI876', 'HOURLY'),
('res088', '2024-06-10', '2024-06-15 10:00:00', '2024-06-15 15:00:00', 'CANCELLED', 1500.00, 2, 'GHI876', 'HOURLY'),
('res089', '2024-06-10', '2024-06-15 10:00:00', '2024-06-15 15:00:00', 'CANCELLED', 1500.00, 2, 'GHI876', 'HOURLY'),
('res090', '2024-06-10', '2024-06-15 10:00:00', '2024-06-15 15:00:00', 'CANCELLED', 1500.00, 2, 'GHI876', 'HOURLY'),
('res091', '2024-06-10', '2024-06-15 10:00:00', '2024-06-15 15:00:00', 'CANCELLED', 1500.00, 2, 'GHI876', 'HOURLY'),
('res092', '2024-06-10', '2024-06-15 10:00:00', '2024-06-15 15:00:00', 'CANCELLED', 1500.00, 2, 'GHI876', 'HOURLY'),
('res093', '2024-06-10', '2024-06-15 10:00:00', '2024-06-15 15:00:00', 'CANCELLED', 1500.00, 2, 'GHI876', 'HOURLY'),
('res094', '2024-06-10', '2024-06-15 10:00:00', '2024-06-15 15:00:00', 'CANCELLED', 1500.00, 2, 'GHI876', 'HOURLY'),
('res095', '2024-06-10', '2024-06-15 10:00:00', '2024-06-15 15:00:00', 'CANCELLED', 1500.00, 2, 'GHI876', 'HOURLY'),
('res096', '2024-06-10', '2024-06-15 10:00:00', '2024-06-15 15:00:00', 'CANCELLED', 1500.00, 2, 'GHI876', 'HOURLY'),
('res097', '2024-06-10', '2024-06-15 10:00:00', '2024-06-15 15:00:00', 'CANCELLED', 1500.00, 2, 'GHI876', 'HOURLY'),
('res098', '2024-06-10', '2024-06-15 10:00:00', '2024-06-15 15:00:00', 'CANCELLED', 1500.00, 2, 'GHI876', 'HOURLY'),
('res099', '2024-06-10', '2024-06-15 10:00:00', '2024-06-15 15:00:00', 'CANCELLED', 1500.00, 2, 'GHI876', 'HOURLY'),
('res100', '2024-06-10', '2024-06-15 10:00:00', '2024-06-15 15:00:00', 'CANCELLED', 1500.00, 2, 'GHI876', 'HOURLY');


-- Insert data for Payment table
INSERT INTO Payment VALUES
('pay001', '2023-01-05', 'CARD', 800.00, 'COMPLETED', 'res001'),
('pay002', '2023-01-12', 'CARD', 600.00, 'COMPLETED', 'res002'),
('pay003', '2023-01-18', 'CASH', 500.00, 'COMPLETED', 'res003'),
('pay004', '2023-02-01', 'CARD', 2000.00, 'COMPLETED', 'res004'),
('pay005', '2023-02-08', 'CARD', 750.00, 'COMPLETED', 'res005'),
('pay006', '2023-02-12', 'CARD', 450.00, 'COMPLETED', 'res006'),
('pay007', '2023-02-25', 'CARD', 1100.00, 'COMPLETED', 'res007'),
('pay008', '2023-03-07', 'CARD', 480.00, 'COMPLETED', 'res008'),
('pay009', '2023-03-12', 'CARD', 1600.00, 'COMPLETED', 'res009'),
('pay010', '2023-04-01', 'CARD', 1600.00, 'COMPLETED', 'res010'),
('pay011', '2023-04-10', 'CASH', 900.00, 'COMPLETED', 'res011'),
('pay012', '2023-04-18', 'CASH', 1350.00, 'COMPLETED', 'res012'),
('pay013', '2023-05-02', 'CASH', 1080.00, 'COMPLETED', 'res013'),
('pay014', '2023-05-10', 'CASH', 750.00, 'COMPLETED', 'res014'),
('pay015', '2023-05-20', 'Cash', 900.00, 'COMPLETED', 'res015'),
('pay016', '2023-01-10', 'CARD', 1600.00, 'COMPLETED', 'res023'),
('pay017', '2023-01-20', 'CASH', 2240.00, 'COMPLETED', 'res024'),
('pay018', '2023-02-01', 'CASH', 1520.00, 'COMPLETED', 'res025'),
('pay019', '2023-02-15', 'CARD', 800.00, 'COMPLETED', 'res026'),
('pay020', '2023-03-01', 'CARD', 960.00, 'COMPLETED', 'res027'),
('pay021', '2023-03-10', 'CASH', 2560.00, 'COMPLETED', 'res028'),
('pay022', '2023-03-20', 'CARD', 1500.00, 'COMPLETED', 'res029'),
('pay023', '2023-04-01', 'CARD', 640.00, 'COMPLETED', 'res030'),
('pay024', '2023-04-10', 'CARD', 1920.00, 'COMPLETED', 'res031'),
('pay025', '2023-04-20', 'CASH', 880.00, 'COMPLETED', 'res032'),
('pay026', '2023-05-01', 'CASH', 1250.00, 'COMPLETED', 'res033'),
('pay027', '2023-05-10', 'CARD', 2700.00, 'COMPLETED', 'res034'),
('pay028', '2023-06-01', 'CARD', 2400.00, 'COMPLETED', 'res035'),
('pay029', '2023-06-10', 'CARD', 1000.00, 'COMPLETED', 'res036'),
('pay030', '2023-06-20', 'CASH', 2240.00, 'COMPLETED', 'res037'),
('pay031', '2023-06-25', 'CASH', 720.00, 'COMPLETED', 'res038'),
('pay032', '2023-07-01', 'CARD', 2560.00, 'COMPLETED', 'res039'),
('pay033', '2023-07-10', 'CASH', 1920.00, 'COMPLETED', 'res040'),
('pay034', '2023-07-20', 'CARD', 800.00, 'COMPLETED', 'res041'),
('pay035', '2023-08-01', 'CARD', 2080.00, 'COMPLETED', 'res042'),
('pay036', '2023-08-10', 'CASH', 640.00, 'COMPLETED', 'res043'),
('pay037', '2023-08-20', 'CASH', 1760.00, 'COMPLETED', 'res044'),
('pay038', '2023-09-01', 'CARD', 2400.00, 'COMPLETED', 'res045'),
('pay039', '2023-07-01', 'CASH', 15000.00, 'COMPLETED', 'res046'),
('pay040', '2023-08-01', 'CARD', 18000.00, 'COMPLETED', 'res047'),
('pay041', '2023-07-15', 'CASH', 1200.00, 'COMPLETED', 'res048'),
('pay042', '2023-07-22', 'CARD', 1400.00, 'COMPLETED', 'res049'),
('pay043', '2023-07-10', 'CASH', 450.00, 'COMPLETED', 'res050'),
('pay044', '2023-07-12', 'CARD', 600.00, 'COMPLETED', 'res051'),
('pay045', '2023-07-18', 'CASH', 750.00, 'COMPLETED', 'res052'),
('pay046', '2023-07-25', 'CARD', 600.00, 'COMPLETED', 'res053'),
('pay047', '2023-08-05', 'CASH', 3600.00, 'COMPLETED', 'res054'),
('pay048', '2023-08-12', 'CARD', 2800.00, 'COMPLETED', 'res055'),
('pay049', '2023-12-20', 'CARD', 1800.00, 'COMPLETED', 'res056'),
('pay050', '2023-12-31', 'CASH', 900.00, 'COMPLETED', 'res057'),
('pay051', '2023-09-01', 'CASH', 4500.00, 'COMPLETED', 'res058'),
('pay052', '2023-10-01', 'CARD', 4500.00, 'COMPLETED', 'res059'),
('pay053', '2023-11-15', 'CASH', 3200.00, 'COMPLETED', 'res060'),
('pay054', '2024-01-05', 'CARD', 2000.00, 'COMPLETED', 'res061'),
('pay055', '2024-01-12', 'CARD', 2400.00, 'COMPLETED', 'res062'),
('pay056', '2024-01-18', 'CASH', 2560.00, 'COMPLETED', 'res063'),
('pay057', '2024-01-25', 'CARD', 1800.00, 'COMPLETED', 'res064'),
('pay058', '2024-02-01', 'CARD', 2100.00, 'COMPLETED', 'res065'),
('pay059', '2024-02-10', 'CARD', 3600.00, 'CANCELLED', 'res066'),
('pay060', '2024-02-18', 'CASH', 1500.00, 'CANCELLED', 'res067'),
('pay061', '2024-02-25', 'CARD', 2700.00, 'CANCELLED', 'res068'),
('pay062', '2024-03-05', 'CARD', 3200.00, 'COMPLETED', 'res069'),
('pay063', '2024-03-12', 'CARD', 2100.00, 'COMPLETED', 'res070'),
('pay064', '2024-03-20', 'CASH', 2880.00, 'COMPLETED', 'res071'),
('pay065', '2024-03-28', 'CARD', 3600.00, 'COMPLETED', 'res072'),
('pay066', '2024-04-05', 'CARD', 2800.00, 'COMPLETED', 'res073'),
('pay067', '2024-04-15', 'CASH', 1800.00, 'COMPLETED', 'res074'),
('pay068', '2024-04-25', 'CARD', 4000.00, 'COMPLETED', 'res075'),
('pay069', '2024-05-05', 'CARD', 3200.00, 'COMPLETED', 'res076'),
('pay070', '2024-05-15', 'CASH', 2400.00, 'COMPLETED', 'res077'),
('pay071', '2024-05-25', 'CARD', 3600.00, 'COMPLETED', 'res078'),
('pay072', '2024-06-01', 'CARD', 2880.00, 'COMPLETED', 'res079'),
('pay073', '2024-06-10', 'CASH', 1500.00, 'COMPLETED', 'res080');


-- Insert data for LoyaltyPoints table
INSERT INTO LoyaltyPoints VALUES
(500, 100, '2023-01-15 14:30:00', 'usr001'),
(350, 50, '2023-02-10 11:45:00', 'usr002'),
(600, 150, '2023-03-05 10:20:00', 'usr003'),
(200, 50, '2023-01-18 09:15:00', 'usr004'),
(750, 200, '2023-02-20 13:30:00', 'usr005'),
(300, 75, '2023-03-12 16:45:00', 'usr006'),
(450, 100, '2023-04-05 10:30:00', 'usr007'),
(250, 50, '2023-03-25 14:00:00', 'usr008'),
(800, 150, '2023-04-15 11:15:00', 'usr009'),
(400, 100, '2023-05-01 09:45:00', 'usr010'),
(150, 50, '2023-07-10 10:00:00', 'usr011'),
(275, 75, '2023-07-15 11:30:00', 'usr012'),
(425, 125, '2023-07-20 09:45:00', 'usr013'),
(180, 80, '2023-07-25 14:20:00', 'usr014'),
(520, 120, '2023-08-01 10:15:00', 'usr015'),
(90, 40, '2023-08-05 15:30:00', 'usr016'),
(310, 110, '2023-08-10 08:45:00', 'usr017'),
(195, 95, '2023-08-15 12:00:00', 'usr018'),
(460, 160, '2023-08-20 13:30:00', 'usr019'),
(280, 80, '2023-08-25 16:45:00', 'usr020');

-- Insert data for Cancellation table
INSERT INTO Cancellation VALUES
(48.00, '2023-03-09 15:30:00', 'usr008', 'res008'),
(48.00, '2023-08-14 15:30:00', 'usr001', 'res021'),
(96.00, '2023-04-13 10:30:00', 'usr003', 'res031'),
(44.00, '2023-04-22 14:15:00', 'usr005', 'res032'),
(62.50, '2023-05-03 09:45:00', 'usr007', 'res033'),
(135.00, '2023-05-12 16:20:00', 'usr009', 'res034'),
(80.00, '2023-05-20 11:30:00', 'usr011', 'res016'),
(120.00, '2023-06-15 14:45:00', 'usr013', 'res017'),
(60.00, '2023-07-05 09:20:00', 'usr015', 'res018'),
(150.00, '2023-07-28 16:10:00', 'usr017', 'res019'),
(180.00, '2024-02-13 10:30:00', 'usr001', 'res066'),
(75.00, '2024-02-19 14:15:00', 'usr003', 'res067'),
(135.00, '2024-02-27 09:45:00', 'usr005', 'res068'),
(50.00, '2024-11-25 09:45:00', 'usr001', 'res081'),
(50.00, '2024-11-25 09:45:00', 'usr001', 'res082'),
(50.00, '2024-11-25 09:45:00', 'usr001', 'res083'),
(50.00, '2024-11-25 09:45:00', 'usr001', 'res084'),
(50.00, '2024-11-25 09:45:00', 'usr001', 'res085'),
(50.00, '2024-11-25 09:45:00', 'usr001', 'res086'),
(50.00, '2024-11-25 09:45:00', 'usr001', 'res087'),
(50.00, '2024-11-25 09:45:00', 'usr001', 'res088'),
(50.00, '2024-11-25 09:45:00', 'usr001', 'res089'),
(50.00, '2024-11-25 09:45:00', 'usr001', 'res090'),
(50.00, '2024-11-25 09:45:00', 'usr002', 'res091'),
(50.00, '2024-11-25 09:45:00', 'usr002', 'res092'),
(50.00, '2024-11-25 09:45:00', 'usr002', 'res093'),
(50.00, '2024-11-25 09:45:00', 'usr002', 'res094'),
(50.00, '2024-11-25 09:45:00', 'usr002', 'res095'),
(50.00, '2024-11-25 09:45:00', 'usr002', 'res096'),
(50.00, '2024-11-25 09:45:00', 'usr002', 'res097'),
(50.00, '2024-11-25 09:45:00', 'usr002', 'res098'),
(50.00, '2024-11-25 09:45:00', 'usr002', 'res099'),
(50.00, '2024-11-25 09:45:00', 'usr002', 'res100');

-- Insert data for Booking table
INSERT INTO Booking VALUES
('usr001', 'res001', 'ws001', 'rm001'),
('usr002', 'res002', 'ws001', 'rm002'),
('usr003', 'res003', 'ws001', 'rm003'),
('usr004', 'res004', 'ws002', 'rm004'),
('usr005', 'res005', 'ws002', 'rm005'),
('usr006', 'res006', 'ws002', 'rm006'),
('usr007', 'res007', 'ws003', 'rm007'),
('usr008', 'res008', 'ws003', 'rm008'),
('usr009', 'res009', 'ws003', 'rm009'),
('usr010', 'res010', 'ws007', 'rm016'),
('usr011', 'res011', 'ws008', 'rm018'),
('usr012', 'res012', 'ws009', 'rm020'),
('usr013', 'res013', 'ws010', 'rm022'),
('usr014', 'res014', 'ws011', 'rm024'),
('usr001', 'res015', 'ws013', 'rm028'),
('usr001', 'res016', 'ws001', 'rm001'),
('usr001', 'res017', 'ws002', 'rm004'),
('usr001', 'res018', 'ws001', 'rm002'),
('usr001', 'res019', 'ws002', 'rm004'),
('usr001', 'res020', 'ws002', 'rm005'),
('usr001', 'res021', 'ws001', 'rm001'),
('usr001', 'res022', 'ws001', 'rm001'),
('usr003', 'res023', 'ws016', 'rm035'),
('usr005', 'res024', 'ws017', 'rm037'),
('usr007', 'res025', 'ws018', 'rm039'),
('usr009', 'res026', 'ws019', 'rm041'),
('usr011', 'res027', 'ws020', 'rm043'),
('usr002', 'res028', 'ws021', 'rm045'),
('usr004', 'res029', 'ws022', 'rm047'),
('usr006', 'res030', 'ws023', 'rm049'),
('usr003', 'res031', 'ws024', 'rm051'),
('usr005', 'res032', 'ws025', 'rm053'),
('usr007', 'res033', 'ws026', 'rm061'),
('usr009', 'res034', 'ws027', 'rm063'),
('usr008', 'res035', 'ws028', 'rm065'),
('usr010', 'res036', 'ws029', 'rm067'),
('usr012', 'res037', 'ws030', 'rm069'),
('usr014', 'res038', 'ws016', 'rm036'),
('usr016', 'res039', 'ws017', 'rm038'),
('usr018', 'res040', 'ws018', 'rm040'),
('usr020', 'res041', 'ws019', 'rm042'),
('usr001', 'res042', 'ws020', 'rm044'),
('usr002', 'res043', 'ws021', 'rm046'),
('usr003', 'res044', 'ws022', 'rm048'),
('usr004', 'res045', 'ws023', 'rm050'),
('usr005', 'res046', 'ws016', 'rm035'),
('usr007', 'res047', 'ws017', 'rm037'),
('usr009', 'res048', 'ws019', 'rm041'),
('usr011', 'res049', 'ws020', 'rm043'),
('usr013', 'res050', 'ws021', 'rm045'),
('usr015', 'res051', 'ws022', 'rm047'),
('usr017', 'res052', 'ws023', 'rm049'),
('usr019', 'res053', 'ws024', 'rm051'),
('usr002', 'res054', 'ws025', 'rm053'),
('usr004', 'res055', 'ws026', 'rm061'),
('usr006', 'res056', 'ws015', 'rm033'),
('usr008', 'res057', 'ws023', 'rm050'),
('usr010', 'res058', 'ws025', 'rm054'),
('usr012', 'res059', 'ws025', 'rm054'),
('usr014', 'res060', 'ws017', 'rm057'),
('usr001', 'res061', 'ws031', 'rm071'),
('usr002', 'res062', 'ws032', 'rm074'),
('usr003', 'res063', 'ws033', 'rm077'),
('usr004', 'res064', 'ws034', 'rm080'),
('usr005', 'res065', 'ws035', 'rm083'),
('usr001', 'res066', 'ws036', 'rm086'),
('usr003', 'res067', 'ws037', 'rm089'),
('usr005', 'res068', 'ws038', 'rm092'),
('usr006', 'res069', 'ws039', 'rm095'),
('usr007', 'res070', 'ws040', 'rm098'),
('usr008', 'res071', 'ws041', 'rm101'),
('usr009', 'res072', 'ws042', 'rm104'),
('usr010', 'res073', 'ws043', 'rm107'),
('usr011', 'res074', 'ws044', 'rm110'),
('usr012', 'res075', 'ws045', 'rm113'),
('usr013', 'res076', 'ws046', 'rm116'),
('usr014', 'res077', 'ws047', 'rm119'),
('usr015', 'res078', 'ws048', 'rm122'),
('usr016', 'res079', 'ws049', 'rm125'),
('usr017', 'res080', 'ws050', 'rm128'),
('usr001', 'res081', 'ws001', 'rm001'),
('usr001', 'res082', 'ws001', 'rm002'),
('usr001', 'res083', 'ws001', 'rm003'),
('usr001', 'res084', 'ws001', 'rm001'),
('usr001', 'res085', 'ws001', 'rm001'),
('usr001', 'res086', 'ws001', 'rm002'),
('usr001', 'res087', 'ws001', 'rm003'),
('usr001', 'res088', 'ws001', 'rm001'),
('usr001', 'res089', 'ws001', 'rm002'),
('usr001', 'res090', 'ws001', 'rm003'),
('usr002', 'res091', 'ws002', 'rm004'),
('usr002', 'res092', 'ws002', 'rm005'),
('usr002', 'res093', 'ws002', 'rm006'),
('usr002', 'res094', 'ws002', 'rm004'),
('usr002', 'res095', 'ws002', 'rm004'),
('usr002', 'res096', 'ws002', 'rm005'),
('usr002', 'res097', 'ws002', 'rm005'),
('usr002', 'res098', 'ws002', 'rm006'),
('usr002', 'res099', 'ws002', 'rm006'),
('usr002', 'res100', 'ws002', 'rm004');

-- Insert data for UserRequesting table
INSERT INTO UserRequesting VALUES
('usr001', 'req001', 'stf001'),
('usr002', 'req002', 'stf001'),
('usr003', 'req003', 'stf001'),
('usr004', 'req004', 'stf003'),
('usr005', 'req005', 'stf002'),
('usr006', 'req006', 'stf004'),
('usr007', 'req007', 'stf003'),
('usr008', 'req008', 'stf003'),
('usr009', 'req009', 'stf003'),
('usr010', 'req010', 'stf007'),
('usr003', 'req011', 'stf016'),
('usr005', 'req012', 'stf017'),
('usr007', 'req013', 'stf018'),
('usr009', 'req014', 'stf019'),
('usr011', 'req015', 'stf020'),
('usr013', 'req016', 'stf021'),
('usr015', 'req017', 'stf022'),
('usr017', 'req018', 'stf023'),
('usr019', 'req019', 'stf024'),
('usr001', 'req020', 'stf025'),
('usr002', 'req021', 'stf026'),
('usr004', 'req022', 'stf027'),
('usr006', 'req023', 'stf028'),
('usr008', 'req024', 'stf029'),
('usr010', 'req025', 'stf030'),
('usr012', 'req026', 'stf031'),
('usr014', 'req027', 'stf032'),
('usr016', 'req028', 'stf033'),
('usr018', 'req029', 'stf034'),
('usr020', 'req030', 'stf035'),
('usr006', 'req011', 'stf031'),
('usr008', 'req012', 'stf032'),
('usr010', 'req013', 'stf033'),
('usr012', 'req014', 'stf034'),
('usr014', 'req015', 'stf035'),
('usr001', 'req031', 'stf036'),
('usr002', 'req032', 'stf037'),
('usr003', 'req033', 'stf038'),
('usr004', 'req034', 'stf039'),
('usr005', 'req035', 'stf040'),
('usr006', 'req036', 'stf041'),
('usr007', 'req037', 'stf042'),
('usr008', 'req038', 'stf043'),
('usr009', 'req039', 'stf044'),
('usr010', 'req040', 'stf045');

-- Insert data for SuspendedUsers table
INSERT INTO SuspendedUsers VALUES
('usr016', 'stf001'),
('usr017', 'stf003'),
('usr018', 'stf002'),
('usr019', 'stf005'),
('usr020', 'stf008');

-- Insert data for Review table
INSERT INTO Review VALUES
('rev001', 4.5, 'Great workspace with excellent facilities', '2023-01-12', 'usr001', 'ws001'),
('rev002', 4.8, 'Professional environment and helpful staff', '2023-01-16', 'usr002', 'ws001'),
('rev003', 4.3, 'Good location but wifi could be faster', '2023-01-22', 'usr003', 'ws001'),
('rev004', 4.7, 'Quiet and comfortable private office', '2023-02-06', 'usr004', 'ws002'),
('rev005', 4.5, 'Amazing views and great conference facilities', '2023-02-11', 'usr005', 'ws002'),
('rev006', 4.2, 'Nice open space but gets crowded sometimes', '2023-02-17', 'usr006', 'ws002'),
('rev007', 4.9, 'Executive suite is worth every penny', '2023-03-03', 'usr007', 'ws003'),
('rev008', 4.4, 'Good meeting room with all necessary tech', '2023-03-16', 'usr009', 'ws003'),
('rev009', 4.6, 'Amazing location with sea views', '2023-04-07', 'usr010', 'ws007'),
('rev010', 4.3, 'Creative atmosphere but limited parking', '2023-04-16', 'usr011', 'ws008'),
('rev011', 4.8, 'Beautiful seaside workspace', '2023-04-22', 'usr012', 'ws009'),
('rev012', 4.9, 'Luxury workspace with resort amenities', '2023-05-07', 'usr013', 'ws010'),
('rev013', 4.4, 'Unique cultural atmosphere', '2023-05-16', 'usr014', 'ws011'),
('rev014', 4.6, 'Professional environment with great services', '2023-05-26', 'usr015', 'ws013'),
('rev015', 4.5, 'Excellent business facilities in Mohandessin', '2023-04-20', 'usr003', 'ws016'),
('rev016', 4.7, 'Amazing pyramid views, worth the price!', '2023-04-25', 'usr005', 'ws017'),
('rev017', 4.3, 'Great for import/export business meetings', '2023-05-02', 'usr007', 'ws018'),
('rev018', 4.8, 'Perfect beachside workspace, very relaxing', '2023-05-10', 'usr009', 'ws019'),
('rev019', 4.2, 'Good space for furniture designers', '2023-05-15', 'usr011', 'ws020'),
('rev020', 4.6, 'Strategic location near Suez Canal', '2023-05-20', 'usr002', 'ws021'),
('rev021', 4.4, 'Affordable and student-friendly', '2023-05-25', 'usr004', 'ws022'),
('rev022', 4.9, 'Top-notch tech facilities, 24/7 access', '2023-06-01', 'usr006', 'ws023'),
('rev023', 4.5, 'Creative atmosphere, great for artists', '2023-06-05', 'usr008', 'ws024'),
('rev024', 4.7, 'Excellent startup ecosystem and mentorship', '2023-06-10', 'usr010', 'ws025'),
('rev025', 4.3, 'Good workspace but limited parking', '2023-06-15', 'usr012', 'ws026'),
('rev026', 4.1, 'Authentic Upper Egypt experience', '2023-06-20', 'usr014', 'ws027'),
('rev027', 4.0, 'First coworking in Sinai, needs improvements', '2023-06-25', 'usr016', 'ws028'),
('rev028', 4.2, 'Beautiful cultural setting near temples', '2023-07-01', 'usr018', 'ws029'),
('rev029', 4.3, 'Convenient for travelers, near station', '2023-07-05', 'usr020', 'ws030'),
('rev030', 4.5, 'Excellent tech facilities in Nasr City', '2024-01-15', 'usr001', 'ws031'),
('rev031', 4.3, 'Strategic location near Suez Canal', '2024-01-20', 'usr002', 'ws032'),
('rev032', 4.6, 'Beautiful lake views, very peaceful', '2024-01-25', 'usr003', 'ws033'),
('rev033', 4.2, 'Good business center in Delta region', '2024-02-01', 'usr004', 'ws034'),
('rev034', 4.4, 'Perfect for students and academics', '2024-02-05', 'usr005', 'ws035'),
('rev035', 4.3, 'Great tech park with gaming facilities', '2024-02-10', 'usr006', 'ws036'),
('rev036', 4.1, 'Convenient for commuters', '2024-02-15', 'usr007', 'ws037'),
('rev037', 4.5, 'Professional enterprise environment', '2024-02-20', 'usr008', 'ws038'),
('rev038', 4.7, 'Amazing creative space with history', '2024-02-25', 'usr009', 'ws039'),
('rev039', 4.6, 'Beautiful coastal workspace', '2024-03-01', 'usr010', 'ws040'),
('rev040', 4.2, 'Good innovation facilities', '2024-03-05', 'usr011', 'ws041'),
('rev041', 4.4, 'Great for creative professionals', '2024-03-10', 'usr012', 'ws042'),
('rev042', 4.3, 'Perfect for digital nomads', '2024-03-15', 'usr013', 'ws043'),
('rev043', 4.0, 'Basic but functional community space', '2024-03-20', 'usr014', 'ws044'),
('rev044', 4.8, 'Excellent beach workspace for summer', '2024-03-25', 'usr015', 'ws045');


-- Insert data for FavouriteWorkspaces table
INSERT INTO FavouriteWorkspaceRooms VALUES
('usr001', 'ws001', 'rm001'),
('usr001', 'ws003', 'rm007'),
('usr002', 'ws001', 'rm002'),
('usr003', 'ws002', 'rm004'),
('usr004', 'ws002', 'rm005'),
('usr004', 'ws004', 'rm010'),
('usr005', 'ws003', 'rm008'),
('usr006', 'ws003', 'rm009'),
('usr006', 'ws005', 'rm012'),
('usr007', 'ws006', 'rm014'),
('usr008', 'ws007', 'rm016'),
('usr009', 'ws008', 'rm018'),
('usr010', 'ws009', 'rm020'),
('usr011', 'ws010', 'rm022'),
('usr012', 'ws011', 'rm024'),
('usr013', 'ws012', 'rm026'),
('usr014', 'ws013', 'rm028'),
('usr015', 'ws014', 'rm030'),
('usr015', 'ws015', 'rm032'),
('usr001', 'ws016', 'rm035'),
('usr001', 'ws023', 'rm049'),
('usr002', 'ws017', 'rm037'),
('usr002', 'ws025', 'rm053'),
('usr003', 'ws018', 'rm040'),
('usr003', 'ws019', 'rm042'),
('usr004', 'ws020', 'rm043'),
('usr004', 'ws021', 'rm045'),
('usr005', 'ws022', 'rm048'),
('usr005', 'ws024', 'rm051'),
('usr006', 'ws026', 'rm061'),
('usr007', 'ws027', 'rm063'),
('usr008', 'ws028', 'rm065'),
('usr009', 'ws029', 'rm067'),
('usr010', 'ws030', 'rm070'),
('usr011', 'ws016', 'rm036'),
('usr012', 'ws017', 'rm038'),
('usr013', 'ws018', 'rm039'),
('usr014', 'ws019', 'rm041'),
('usr015', 'ws020', 'rm044'),
('usr001', 'ws031', 'rm071'),
('usr001', 'ws036', 'rm086'),
('usr002', 'ws032', 'rm074'),
('usr003', 'ws033', 'rm077'),
('usr004', 'ws034', 'rm080'),
('usr005', 'ws035', 'rm083'),
('usr006', 'ws039', 'rm095'),
('usr007', 'ws040', 'rm098'),
('usr008', 'ws041', 'rm101'),
('usr009', 'ws042', 'rm104'),
('usr010', 'ws043', 'rm107'),
('usr011', 'ws044', 'rm110'),
('usr012', 'ws045', 'rm113'),
('usr013', 'ws046', 'rm116'),
('usr014', 'ws047', 'rm119'),
('usr015', 'ws048', 'rm122');


-- Insert data for WorkspaceSupervise table
INSERT INTO WorkspaceSupervise VALUES
('stf001', 'ws001'),
('stf002', 'ws002'),
('stf003', 'ws003'),
('stf004', 'ws004'),
('stf005', 'ws005'),
('stf006', 'ws006'),
('stf007', 'ws007'),
('stf008', 'ws008'),
('stf009', 'ws009'),
('stf010', 'ws010'),
('stf011', 'ws011'),
('stf012', 'ws012'),
('stf013', 'ws013'),
('stf014', 'ws014'),
('stf015', 'ws015'),
('stf016', 'ws016'),
('stf017', 'ws017'),
('stf018', 'ws018'),
('stf019', 'ws019'),
('stf020', 'ws020'),
('stf021', 'ws021'),
('stf022', 'ws022'),
('stf023', 'ws023'),
('stf024', 'ws024'),
('stf025', 'ws025'),
('stf026', 'ws026'),
('stf027', 'ws027'),
('stf028', 'ws028'),
('stf029', 'ws029'),
('stf030', 'ws030'),
('stf036', 'ws031'),
('stf037', 'ws032'),
('stf038', 'ws033'),
('stf039', 'ws034'),
('stf040', 'ws035'),
('stf041', 'ws036'),
('stf042', 'ws037'),
('stf043', 'ws038'),
('stf044', 'ws039'),
('stf045', 'ws040'),
('stf046', 'ws041'),
('stf047', 'ws042'),
('stf048', 'ws043'),
('stf049', 'ws044'),
('stf050', 'ws045'),
('stf051', 'ws046'),
('stf052', 'ws047'),
('stf053', 'ws048'),
('stf054', 'ws049'),
('stf055', 'ws050');


-- Insert data for Images table
INSERT INTO Images VALUES
-- Workspace Images
('https://encrypted-tbn0.gstatic.com/images?q=tbn:ANd9GcSSfEaPJnw699oCoMuHAfPthvTPs2LmKx6sTQ&s', NULL, 'ws001', NULL, NULL),
('https://img-cdn.inc.com/image/upload/f_webp,c_fit,w_1920,q_auto/images/panoramic/getty_517610514_353435.jpg', NULL, 'ws001', NULL, NULL),
('https://www.hatcollective.com/wp-content/uploads/2022/08/360-workspace-kita-e2-open-office.jpg', NULL, 'ws001', NULL, NULL),
('https://encrypted-tbn0.gstatic.com/images?q=tbn:ANd9GcSTOY4NBGuAUPrZNYggFwD5EKpRmXvsL308Mg&s', NULL, 'ws002', NULL, NULL),
('https://encrypted-tbn0.gstatic.com/images?q=tbn:ANd9GcR8hfiM8Z22E23W7Z0ZXRParp3_DcBLMS1yiA&s', NULL, 'ws002', NULL, NULL),
('https://encrypted-tbn0.gstatic.com/images?q=tbn:ANd9GcRGCUuIzX2aRHg073JoSuEjhMOU_G1tpFUjYw&s', NULL, 'ws003', NULL, NULL),
('https://encrypted-tbn0.gstatic.com/images?q=tbn:ANd9GcSSfEaPJnw699oCoMuHAfPthvTPs2LmKx6sTQ&s', NULL, 'ws003', NULL, NULL),
('https://img-cdn.inc.com/image/upload/f_webp,c_fit,w_1920,q_auto/images/panoramic/getty_517610514_353435.jpg', NULL, 'ws004', NULL, NULL),
('https://www.hatcollective.com/wp-content/uploads/2022/08/360-workspace-kita-e2-open-office.jpg', NULL, 'ws005', NULL, NULL),
('https://encrypted-tbn0.gstatic.com/images?q=tbn:ANd9GcSTOY4NBGuAUPrZNYggFwD5EKpRmXvsL308Mg&s', NULL, 'ws006', NULL, NULL),
('https://encrypted-tbn0.gstatic.com/images?q=tbn:ANd9GcR8hfiM8Z22E23W7Z0ZXRParp3_DcBLMS1yiA&s', NULL, 'ws007', NULL, NULL),
('https://encrypted-tbn0.gstatic.com/images?q=tbn:ANd9GcRGCUuIzX2aRHg073JoSuEjhMOU_G1tpFUjYw&s', NULL, 'ws008', NULL, NULL),
('https://encrypted-tbn0.gstatic.com/images?q=tbn:ANd9GcSSfEaPJnw699oCoMuHAfPthvTPs2LmKx6sTQ&s', NULL, 'ws009', NULL, NULL),
('https://img-cdn.inc.com/image/upload/f_webp,c_fit,w_1920,q_auto/images/panoramic/getty_517610514_353435.jpg', NULL, 'ws010', NULL, NULL),
('https://www.hatcollective.com/wp-content/uploads/2022/08/360-workspace-kita-e2-open-office.jpg', NULL, 'ws011', NULL, NULL),
('https://encrypted-tbn0.gstatic.com/images?q=tbn:ANd9GcSTOY4NBGuAUPrZNYggFwD5EKpRmXvsL308Mg&s', NULL, 'ws012', NULL, NULL),
('https://encrypted-tbn0.gstatic.com/images?q=tbn:ANd9GcR8hfiM8Z22E23W7Z0ZXRParp3_DcBLMS1yiA&s', NULL, 'ws013', NULL, NULL),
('https://encrypted-tbn0.gstatic.com/images?q=tbn:ANd9GcRGCUuIzX2aRHg073JoSuEjhMOU_G1tpFUjYw&s', NULL, 'ws014', NULL, NULL),
('https://encrypted-tbn0.gstatic.com/images?q=tbn:ANd9GcSSfEaPJnw699oCoMuHAfPthvTPs2LmKx6sTQ&s', NULL, 'ws015', NULL, NULL),
('https://img-cdn.inc.com/image/upload/f_webp,c_fit,w_1920,q_auto/images/panoramic/getty_517610514_353435.jpg', NULL, 'ws016', NULL, NULL),
('https://www.hatcollective.com/wp-content/uploads/2022/08/360-workspace-kita-e2-open-office.jpg', NULL, 'ws016', NULL, NULL),
('https://encrypted-tbn0.gstatic.com/images?q=tbn:ANd9GcSTOY4NBGuAUPrZNYggFwD5EKpRmXvsL308Mg&s', NULL, 'ws017', NULL, NULL),
('https://encrypted-tbn0.gstatic.com/images?q=tbn:ANd9GcR8hfiM8Z22E23W7Z0ZXRParp3_DcBLMS1yiA&s', NULL, 'ws017', NULL, NULL),
('https://encrypted-tbn0.gstatic.com/images?q=tbn:ANd9GcRGCUuIzX2aRHg073JoSuEjhMOU_G1tpFUjYw&s', NULL, 'ws018', NULL, NULL),
('https://encrypted-tbn0.gstatic.com/images?q=tbn:ANd9GcSSfEaPJnw699oCoMuHAfPthvTPs2LmKx6sTQ&s', NULL, 'ws019', NULL, NULL),
('https://img-cdn.inc.com/image/upload/f_webp,c_fit,w_1920,q_auto/images/panoramic/getty_517610514_353435.jpg', NULL, 'ws020', NULL, NULL),
('https://www.hatcollective.com/wp-content/uploads/2022/08/360-workspace-kita-e2-open-office.jpg', NULL, 'ws021', NULL, NULL),
('https://encrypted-tbn0.gstatic.com/images?q=tbn:ANd9GcSTOY4NBGuAUPrZNYggFwD5EKpRmXvsL308Mg&s', NULL, 'ws022', NULL, NULL),
('https://encrypted-tbn0.gstatic.com/images?q=tbn:ANd9GcR8hfiM8Z22E23W7Z0ZXRParp3_DcBLMS1yiA&s', NULL, 'ws023', NULL, NULL),
('https://img-cdn.inc.com/image/upload/f_webp,c_fit,w_1920,q_auto/images/panoramic/getty_517610514_353435.jpg', NULL, 'ws024', NULL, NULL),
('https://encrypted-tbn0.gstatic.com/images?q=tbn:ANd9GcRGCUuIzX2aRHg073JoSuEjhMOU_G1tpFUjYw&s', NULL, 'ws025', NULL, NULL),
('https://img-cdn.inc.com/image/upload/f_webp,c_fit,w_1920,q_auto/images/panoramic/getty_517610514_353435.jpg', NULL, 'ws026', NULL, NULL),
('https://www.hatcollective.com/wp-content/uploads/2022/08/360-workspace-kita-e2-open-office.jpg', NULL, 'ws027', NULL, NULL),
('https://encrypted-tbn0.gstatic.com/images?q=tbn:ANd9GcSTOY4NBGuAUPrZNYggFwD5EKpRmXvsL308Mg&s', NULL, 'ws028', NULL, NULL),
('https://encrypted-tbn0.gstatic.com/images?q=tbn:ANd9GcR8hfiM8Z22E23W7Z0ZXRParp3_DcBLMS1yiA&s', NULL, 'ws029', NULL, NULL),
('https://encrypted-tbn0.gstatic.com/images?q=tbn:ANd9GcSSfEaPJnw699oCoMuHAfPthvTPs2LmKx6sTQ&s', NULL, 'ws030', NULL, NULL),
('https://encrypted-tbn0.gstatic.com/images?q=tbn:ANd9GcRGCUuIzX2aRHg073JoSuEjhMOU_G1tpFUjYw&s', NULL, 'ws031', NULL, NULL),
('https://www.hatcollective.com/wp-content/uploads/2022/08/360-workspace-kita-e2-open-office.jpg', NULL, 'ws032', NULL, NULL),
('https://encrypted-tbn0.gstatic.com/images?q=tbn:ANd9GcSTOY4NBGuAUPrZNYggFwD5EKpRmXvsL308Mg&s', NULL, 'ws033', NULL, NULL),
('https://img-cdn.inc.com/image/upload/f_webp,c_fit,w_1920,q_auto/images/panoramic/getty_517610514_353435.jpg', NULL, 'ws034', NULL, NULL),
('https://encrypted-tbn0.gstatic.com/images?q=tbn:ANd9GcR8hfiM8Z22E23W7Z0ZXRParp3_DcBLMS1yiA&s', NULL, 'ws035', NULL, NULL),
('https://encrypted-tbn0.gstatic.com/images?q=tbn:ANd9GcSSfEaPJnw699oCoMuHAfPthvTPs2LmKx6sTQ&s', NULL, 'ws036', NULL, NULL),
('https://encrypted-tbn0.gstatic.com/images?q=tbn:ANd9GcRGCUuIzX2aRHg073JoSuEjhMOU_G1tpFUjYw&s', NULL, 'ws037', NULL, NULL),
('https://www.hatcollective.com/wp-content/uploads/2022/08/360-workspace-kita-e2-open-office.jpg', NULL, 'ws038', NULL, NULL),
('https://encrypted-tbn0.gstatic.com/images?q=tbn:ANd9GcSTOY4NBGuAUPrZNYggFwD5EKpRmXvsL308Mg&s', NULL, 'ws039', NULL, NULL),
('https://img-cdn.inc.com/image/upload/f_webp,c_fit,w_1920,q_auto/images/panoramic/getty_517610514_353435.jpg', NULL, 'ws040', NULL, NULL),
('https://encrypted-tbn0.gstatic.com/images?q=tbn:ANd9GcR8hfiM8Z22E23W7Z0ZXRParp3_DcBLMS1yiA&s', NULL, 'ws041', NULL, NULL),
('https://encrypted-tbn0.gstatic.com/images?q=tbn:ANd9GcSSfEaPJnw699oCoMuHAfPthvTPs2LmKx6sTQ&s', NULL, 'ws042', NULL, NULL),
('https://encrypted-tbn0.gstatic.com/images?q=tbn:ANd9GcRGCUuIzX2aRHg073JoSuEjhMOU_G1tpFUjYw&s', NULL, 'ws043', NULL, NULL),
('https://www.hatcollective.com/wp-content/uploads/2022/08/360-workspace-kita-e2-open-office.jpg', NULL, 'ws044', NULL, NULL),
('https://encrypted-tbn0.gstatic.com/images?q=tbn:ANd9GcSTOY4NBGuAUPrZNYggFwD5EKpRmXvsL308Mg&s', NULL, 'ws045', NULL, NULL),
('https://img-cdn.inc.com/image/upload/f_webp,c_fit,w_1920,q_auto/images/panoramic/getty_517610514_353435.jpg', NULL, 'ws046', NULL, NULL),
('https://encrypted-tbn0.gstatic.com/images?q=tbn:ANd9GcR8hfiM8Z22E23W7Z0ZXRParp3_DcBLMS1yiA&s', NULL, 'ws047', NULL, NULL),
('https://encrypted-tbn0.gstatic.com/images?q=tbn:ANd9GcSSfEaPJnw699oCoMuHAfPthvTPs2LmKx6sTQ&s', NULL, 'ws048', NULL, NULL),
('https://encrypted-tbn0.gstatic.com/images?q=tbn:ANd9GcRGCUuIzX2aRHg073JoSuEjhMOU_G1tpFUjYw&s', NULL, 'ws049', NULL, NULL),
('https://www.hatcollective.com/wp-content/uploads/2022/08/360-workspace-kita-e2-open-office.jpg', NULL, 'ws050', NULL, NULL),
-- Room Images
('https://smartway2.com/wp-content/uploads/2021/04/shutterstock_763511701.jpg', NULL, NULL, 'rm001', NULL),
('https://encrypted-tbn0.gstatic.com/images?q=tbn:ANd9GcTmIC2CmgiW8xW-XsNcwvMvBX3IDuQqIy0UlQ&s', NULL, NULL, 'rm002', NULL),
('https://encrypted-tbn0.gstatic.com/images?q=tbn:ANd9GcSiM0Q_6QjKNMGTUCzSiIpLU1uhn5_WAUvIEA&s', NULL, NULL, 'rm003', NULL),
('https://encrypted-tbn0.gstatic.com/images?q=tbn:ANd9GcRl9m6kuRZnVP25VpC6ND9dtnQdpzLtXO5LmQ&s', NULL, NULL, 'rm004', NULL),
('https://encrypted-tbn0.gstatic.com/images?q=tbn:ANd9GcSSfEaPJnw699oCoMuHAfPthvTPs2LmKx6sTQ&s', NULL, NULL, 'rm005', NULL),
('https://www.workdesign.com/wp-content/uploads/2020/09/2130429_00_N18.jpg', NULL, NULL, 'rm006', NULL),
('https://smartway2.com/wp-content/uploads/2021/04/shutterstock_763511701.jpg', NULL, NULL, 'rm007', NULL),
('https://encrypted-tbn0.gstatic.com/images?q=tbn:ANd9GcTmIC2CmgiW8xW-XsNcwvMvBX3IDuQqIy0UlQ&s', NULL, NULL, 'rm008', NULL),
('https://encrypted-tbn0.gstatic.com/images?q=tbn:ANd9GcSiM0Q_6QjKNMGTUCzSiIpLU1uhn5_WAUvIEA&s', NULL, NULL, 'rm009', NULL),
('https://encrypted-tbn0.gstatic.com/images?q=tbn:ANd9GcRl9m6kuRZnVP25VpC6ND9dtnQdpzLtXO5LmQ&s', NULL, NULL, 'rm010', NULL),
('https://encrypted-tbn0.gstatic.com/images?q=tbn:ANd9GcSSfEaPJnw699oCoMuHAfPthvTPs2LmKx6sTQ&s', NULL, NULL, 'rm011', NULL),
('https://www.workdesign.com/wp-content/uploads/2020/09/2130429_00_N18.jpg', NULL, NULL, 'rm012', NULL),
('https://smartway2.com/wp-content/uploads/2021/04/shutterstock_763511701.jpg', NULL, NULL, 'rm013', NULL),
('https://encrypted-tbn0.gstatic.com/images?q=tbn:ANd9GcTmIC2CmgiW8xW-XsNcwvMvBX3IDuQqIy0UlQ&s', NULL, NULL, 'rm014', NULL),
('https://encrypted-tbn0.gstatic.com/images?q=tbn:ANd9GcSiM0Q_6QjKNMGTUCzSiIpLU1uhn5_WAUvIEA&s', NULL, NULL, 'rm015', NULL),
('https://encrypted-tbn0.gstatic.com/images?q=tbn:ANd9GcRl9m6kuRZnVP25VpC6ND9dtnQdpzLtXO5LmQ&s', NULL, NULL, 'rm016', NULL),
('https://encrypted-tbn0.gstatic.com/images?q=tbn:ANd9GcSSfEaPJnw699oCoMuHAfPthvTPs2LmKx6sTQ&s', NULL, NULL, 'rm017', NULL),
('https://www.workdesign.com/wp-content/uploads/2020/09/2130429_00_N18.jpg', NULL, NULL, 'rm018', NULL),
('https://smartway2.com/wp-content/uploads/2021/04/shutterstock_763511701.jpg', NULL, NULL, 'rm019', NULL),
('https://encrypted-tbn0.gstatic.com/images?q=tbn:ANd9GcTmIC2CmgiW8xW-XsNcwvMvBX3IDuQqIy0UlQ&s', NULL, NULL, 'rm020', NULL),
('https://encrypted-tbn0.gstatic.com/images?q=tbn:ANd9GcSiM0Q_6QjKNMGTUCzSiIpLU1uhn5_WAUvIEA&s', NULL, NULL, 'rm021', NULL),
('https://encrypted-tbn0.gstatic.com/images?q=tbn:ANd9GcRl9m6kuRZnVP25VpC6ND9dtnQdpzLtXO5LmQ&s', NULL, NULL, 'rm022', NULL),
('https://encrypted-tbn0.gstatic.com/images?q=tbn:ANd9GcSSfEaPJnw699oCoMuHAfPthvTPs2LmKx6sTQ&s', NULL, NULL, 'rm023', NULL),
('https://www.workdesign.com/wp-content/uploads/2020/09/2130429_00_N18.jpg', NULL, NULL, 'rm024', NULL),
('https://smartway2.com/wp-content/uploads/2021/04/shutterstock_763511701.jpg', NULL, NULL, 'rm025', NULL),
('https://encrypted-tbn0.gstatic.com/images?q=tbn:ANd9GcTmIC2CmgiW8xW-XsNcwvMvBX3IDuQqIy0UlQ&s', NULL, NULL, 'rm026', NULL),
('https://encrypted-tbn0.gstatic.com/images?q=tbn:ANd9GcSiM0Q_6QjKNMGTUCzSiIpLU1uhn5_WAUvIEA&s', NULL, NULL, 'rm027', NULL),
('https://encrypted-tbn0.gstatic.com/images?q=tbn:ANd9GcRl9m6kuRZnVP25VpC6ND9dtnQdpzLtXO5LmQ&s', NULL, NULL, 'rm028', NULL),
('https://encrypted-tbn0.gstatic.com/images?q=tbn:ANd9GcSSfEaPJnw699oCoMuHAfPthvTPs2LmKx6sTQ&s', NULL, NULL, 'rm029', NULL),
('https://www.workdesign.com/wp-content/uploads/2020/09/2130429_00_N18.jpg', NULL, NULL, 'rm030', NULL),
('https://smartway2.com/wp-content/uploads/2021/04/shutterstock_763511701.jpg', NULL, NULL, 'rm031', NULL),
('https://encrypted-tbn0.gstatic.com/images?q=tbn:ANd9GcTmIC2CmgiW8xW-XsNcwvMvBX3IDuQqIy0UlQ&s', NULL, NULL, 'rm032', NULL),
('https://encrypted-tbn0.gstatic.com/images?q=tbn:ANd9GcSiM0Q_6QjKNMGTUCzSiIpLU1uhn5_WAUvIEA&s', NULL, NULL, 'rm033', NULL),
('https://encrypted-tbn0.gstatic.com/images?q=tbn:ANd9GcRl9m6kuRZnVP25VpC6ND9dtnQdpzLtXO5LmQ&s', NULL, NULL, 'rm034', NULL),
('https://encrypted-tbn0.gstatic.com/images?q=tbn:ANd9GcQ_AZktd7a5zcKd9zOu0mYp7ysC5Pw9LyINpQ&s', NULL, NULL, 'rm035', NULL),
('https://www.workdesign.com/wp-content/uploads/2020/09/2130429_00_N18.jpg', NULL, NULL, 'rm036', NULL),
('https://smartway2.com/wp-content/uploads/2021/04/shutterstock_763511701.jpg', NULL, NULL, 'rm037', NULL),
('https://encrypted-tbn0.gstatic.com/images?q=tbn:ANd9GcTmIC2CmgiW8xW-XsNcwvMvBX3IDuQqIy0UlQ&s', NULL, NULL, 'rm038', NULL),
('https://encrypted-tbn0.gstatic.com/images?q=tbn:ANd9GcSiM0Q_6QjKNMGTUCzSiIpLU1uhn5_WAUvIEA&s', NULL, NULL, 'rm039', NULL),
('https://encrypted-tbn0.gstatic.com/images?q=tbn:ANd9GcRl9m6kuRZnVP25VpC6ND9dtnQdpzLtXO5LmQ&s', NULL, NULL, 'rm040', NULL),
('https://encrypted-tbn0.gstatic.com/images?q=tbn:ANd9GcQ_AZktd7a5zcKd9zOu0mYp7ysC5Pw9LyINpQ&s', NULL, NULL, 'rm041', NULL),
('https://www.workdesign.com/wp-content/uploads/2020/09/2130429_00_N18.jpg', NULL, NULL, 'rm042', NULL),
('https://smartway2.com/wp-content/uploads/2021/04/shutterstock_763511701.jpg', NULL, NULL, 'rm043', NULL),
('https://encrypted-tbn0.gstatic.com/images?q=tbn:ANd9GcTmIC2CmgiW8xW-XsNcwvMvBX3IDuQqIy0UlQ&s', NULL, NULL, 'rm044', NULL),
('https://encrypted-tbn0.gstatic.com/images?q=tbn:ANd9GcSiM0Q_6QjKNMGTUCzSiIpLU1uhn5_WAUvIEA&s', NULL, NULL, 'rm045', NULL),
('https://encrypted-tbn0.gstatic.com/images?q=tbn:ANd9GcRl9m6kuRZnVP25VpC6ND9dtnQdpzLtXO5LmQ&s', NULL, NULL, 'rm046', NULL),
('https://encrypted-tbn0.gstatic.com/images?q=tbn:ANd9GcQ_AZktd7a5zcKd9zOu0mYp7ysC5Pw9LyINpQ&s', NULL, NULL, 'rm047', NULL),
('https://www.workdesign.com/wp-content/uploads/2020/09/2130429_00_N18.jpg', NULL, NULL, 'rm048', NULL),
('https://smartway2.com/wp-content/uploads/2021/04/shutterstock_763511701.jpg', NULL, NULL, 'rm049', NULL),
('https://encrypted-tbn0.gstatic.com/images?q=tbn:ANd9GcTmIC2CmgiW8xW-XsNcwvMvBX3IDuQqIy0UlQ&s', NULL, NULL, 'rm050', NULL),
('https://encrypted-tbn0.gstatic.com/images?q=tbn:ANd9GcSiM0Q_6QjKNMGTUCzSiIpLU1uhn5_WAUvIEA&s', NULL, NULL, 'rm051', NULL),
('https://encrypted-tbn0.gstatic.com/images?q=tbn:ANd9GcRl9m6kuRZnVP25VpC6ND9dtnQdpzLtXO5LmQ&s', NULL, NULL, 'rm052', NULL),
('https://encrypted-tbn0.gstatic.com/images?q=tbn:ANd9GcQ_AZktd7a5zcKd9zOu0mYp7ysC5Pw9LyINpQ&s', NULL, NULL, 'rm053', NULL),
('https://www.workdesign.com/wp-content/uploads/2020/09/2130429_00_N18.jpg', NULL, NULL, 'rm054', NULL),
('https://smartway2.com/wp-content/uploads/2021/04/shutterstock_763511701.jpg', NULL, NULL, 'rm055', NULL),
('https://encrypted-tbn0.gstatic.com/images?q=tbn:ANd9GcTmIC2CmgiW8xW-XsNcwvMvBX3IDuQqIy0UlQ&s', NULL, NULL, 'rm056', NULL),
('https://encrypted-tbn0.gstatic.com/images?q=tbn:ANd9GcSiM0Q_6QjKNMGTUCzSiIpLU1uhn5_WAUvIEA&s', NULL, NULL, 'rm057', NULL),
('https://encrypted-tbn0.gstatic.com/images?q=tbn:ANd9GcRl9m6kuRZnVP25VpC6ND9dtnQdpzLtXO5LmQ&s', NULL, NULL, 'rm058', NULL),
('https://encrypted-tbn0.gstatic.com/images?q=tbn:ANd9GcQ_AZktd7a5zcKd9zOu0mYp7ysC5Pw9LyINpQ&s', NULL, NULL, 'rm059', NULL),
('https://www.workdesign.com/wp-content/uploads/2020/09/2130429_00_N18.jpg', NULL, NULL, 'rm060', NULL),
('https://smartway2.com/wp-content/uploads/2021/04/shutterstock_763511701.jpg', NULL, NULL, 'rm061', NULL),
('https://encrypted-tbn0.gstatic.com/images?q=tbn:ANd9GcTmIC2CmgiW8xW-XsNcwvMvBX3IDuQqIy0UlQ&s', NULL, NULL, 'rm062', NULL),
('https://encrypted-tbn0.gstatic.com/images?q=tbn:ANd9GcSiM0Q_6QjKNMGTUCzSiIpLU1uhn5_WAUvIEA&s', NULL, NULL, 'rm063', NULL),
('https://encrypted-tbn0.gstatic.com/images?q=tbn:ANd9GcRl9m6kuRZnVP25VpC6ND9dtnQdpzLtXO5LmQ&s', NULL, NULL, 'rm064', NULL),
('https://encrypted-tbn0.gstatic.com/images?q=tbn:ANd9GcQ_AZktd7a5zcKd9zOu0mYp7ysC5Pw9LyINpQ&s', NULL, NULL, 'rm065', NULL),
('https://www.workdesign.com/wp-content/uploads/2020/09/2130429_00_N18.jpg', NULL, NULL, 'rm066', NULL),
('https://smartway2.com/wp-content/uploads/2021/04/shutterstock_763511701.jpg', NULL, NULL, 'rm067', NULL),
('https://encrypted-tbn0.gstatic.com/images?q=tbn:ANd9GcTmIC2CmgiW8xW-XsNcwvMvBX3IDuQqIy0UlQ&s', NULL, NULL, 'rm068', NULL),
('https://encrypted-tbn0.gstatic.com/images?q=tbn:ANd9GcSiM0Q_6QjKNMGTUCzSiIpLU1uhn5_WAUvIEA&s', NULL, NULL, 'rm069', NULL),
('https://encrypted-tbn0.gstatic.com/images?q=tbn:ANd9GcRl9m6kuRZnVP25VpC6ND9dtnQdpzLtXO5LmQ&s', NULL, NULL, 'rm070', NULL),
('https://encrypted-tbn0.gstatic.com/images?q=tbn:ANd9GcQ_AZktd7a5zcKd9zOu0mYp7ysC5Pw9LyINpQ&s', NULL, NULL, 'rm071', NULL),
('https://www.workdesign.com/wp-content/uploads/2020/09/2130429_00_N18.jpg', NULL, NULL, 'rm072', NULL),
('https://smartway2.com/wp-content/uploads/2021/04/shutterstock_763511701.jpg', NULL, NULL, 'rm073', NULL),
('https://encrypted-tbn0.gstatic.com/images?q=tbn:ANd9GcTmIC2CmgiW8xW-XsNcwvMvBX3IDuQqIy0UlQ&s', NULL, NULL, 'rm074', NULL),
('https://encrypted-tbn0.gstatic.com/images?q=tbn:ANd9GcSiM0Q_6QjKNMGTUCzSiIpLU1uhn5_WAUvIEA&s', NULL, NULL, 'rm075', NULL),
('https://encrypted-tbn0.gstatic.com/images?q=tbn:ANd9GcRl9m6kuRZnVP25VpC6ND9dtnQdpzLtXO5LmQ&s', NULL, NULL, 'rm076', NULL),
('https://encrypted-tbn0.gstatic.com/images?q=tbn:ANd9GcQ_AZktd7a5zcKd9zOu0mYp7ysC5Pw9LyINpQ&s', NULL, NULL, 'rm077', NULL),
('https://www.workdesign.com/wp-content/uploads/2020/09/2130429_00_N18.jpg', NULL, NULL, 'rm078', NULL),
('https://smartway2.com/wp-content/uploads/2021/04/shutterstock_763511701.jpg', NULL, NULL, 'rm079', NULL),
('https://encrypted-tbn0.gstatic.com/images?q=tbn:ANd9GcTmIC2CmgiW8xW-XsNcwvMvBX3IDuQqIy0UlQ&s', NULL, NULL, 'rm080', NULL),
('https://encrypted-tbn0.gstatic.com/images?q=tbn:ANd9GcSiM0Q_6QjKNMGTUCzSiIpLU1uhn5_WAUvIEA&s', NULL, NULL, 'rm081', NULL),
('https://encrypted-tbn0.gstatic.com/images?q=tbn:ANd9GcRl9m6kuRZnVP25VpC6ND9dtnQdpzLtXO5LmQ&s', NULL, NULL, 'rm082', NULL),
('https://encrypted-tbn0.gstatic.com/images?q=tbn:ANd9GcQ_AZktd7a5zcKd9zOu0mYp7ysC5Pw9LyINpQ&s', NULL, NULL, 'rm083', NULL),
('https://www.workdesign.com/wp-content/uploads/2020/09/2130429_00_N18.jpg', NULL, NULL, 'rm084', NULL),
('https://smartway2.com/wp-content/uploads/2021/04/shutterstock_763511701.jpg', NULL, NULL, 'rm085', NULL),
('https://encrypted-tbn0.gstatic.com/images?q=tbn:ANd9GcTmIC2CmgiW8xW-XsNcwvMvBX3IDuQqIy0UlQ&s', NULL, NULL, 'rm086', NULL),
('https://encrypted-tbn0.gstatic.com/images?q=tbn:ANd9GcSiM0Q_6QjKNMGTUCzSiIpLU1uhn5_WAUvIEA&s', NULL, NULL, 'rm087', NULL),
('https://encrypted-tbn0.gstatic.com/images?q=tbn:ANd9GcRl9m6kuRZnVP25VpC6ND9dtnQdpzLtXO5LmQ&s', NULL, NULL, 'rm088', NULL),
('https://encrypted-tbn0.gstatic.com/images?q=tbn:ANd9GcQ_AZktd7a5zcKd9zOu0mYp7ysC5Pw9LyINpQ&s', NULL, NULL, 'rm089', NULL),
('https://www.workdesign.com/wp-content/uploads/2020/09/2130429_00_N18.jpg', NULL, NULL, 'rm090', NULL),
('https://smartway2.com/wp-content/uploads/2021/04/shutterstock_763511701.jpg', NULL, NULL, 'rm091', NULL),
('https://encrypted-tbn0.gstatic.com/images?q=tbn:ANd9GcTmIC2CmgiW8xW-XsNcwvMvBX3IDuQqIy0UlQ&s', NULL, NULL, 'rm092', NULL),
('https://encrypted-tbn0.gstatic.com/images?q=tbn:ANd9GcSiM0Q_6QjKNMGTUCzSiIpLU1uhn5_WAUvIEA&s', NULL, NULL, 'rm093', NULL),
('https://encrypted-tbn0.gstatic.com/images?q=tbn:ANd9GcRl9m6kuRZnVP25VpC6ND9dtnQdpzLtXO5LmQ&s', NULL, NULL, 'rm094', NULL),
('https://encrypted-tbn0.gstatic.com/images?q=tbn:ANd9GcQ_AZktd7a5zcKd9zOu0mYp7ysC5Pw9LyINpQ&s', NULL, NULL, 'rm095', NULL),
('https://www.workdesign.com/wp-content/uploads/2020/09/2130429_00_N18.jpg', NULL, NULL, 'rm096', NULL),
('https://smartway2.com/wp-content/uploads/2021/04/shutterstock_763511701.jpg', NULL, NULL, 'rm097', NULL),
('https://encrypted-tbn0.gstatic.com/images?q=tbn:ANd9GcTmIC2CmgiW8xW-XsNcwvMvBX3IDuQqIy0UlQ&s', NULL, NULL, 'rm098', NULL),
('https://encrypted-tbn0.gstatic.com/images?q=tbn:ANd9GcSiM0Q_6QjKNMGTUCzSiIpLU1uhn5_WAUvIEA&s', NULL, NULL, 'rm099', NULL),
('https://encrypted-tbn0.gstatic.com/images?q=tbn:ANd9GcRl9m6kuRZnVP25VpC6ND9dtnQdpzLtXO5LmQ&s', NULL, NULL, 'rm100', NULL),
('https://smartway2.com/wp-content/uploads/2021/04/shutterstock_763511701.jpg', NULL, NULL, 'rm101', NULL),
('https://encrypted-tbn0.gstatic.com/images?q=tbn:ANd9GcTmIC2CmgiW8xW-XsNcwvMvBX3IDuQqIy0UlQ&s', NULL, NULL, 'rm102', NULL),
('https://encrypted-tbn0.gstatic.com/images?q=tbn:ANd9GcSiM0Q_6QjKNMGTUCzSiIpLU1uhn5_WAUvIEA&s', NULL, NULL, 'rm103', NULL),
('https://encrypted-tbn0.gstatic.com/images?q=tbn:ANd9GcRl9m6kuRZnVP25VpC6ND9dtnQdpzLtXO5LmQ&s', NULL, NULL, 'rm104', NULL),
('https://encrypted-tbn0.gstatic.com/images?q=tbn:ANd9GcSSfEaPJnw699oCoMuHAfPthvTPs2LmKx6sTQ&s', NULL, NULL, 'rm105', NULL),
('https://www.workdesign.com/wp-content/uploads/2020/09/2130429_00_N18.jpg', NULL, NULL, 'rm106', NULL),
('https://smartway2.com/wp-content/uploads/2021/04/shutterstock_763511701.jpg', NULL, NULL, 'rm107', NULL),
('https://encrypted-tbn0.gstatic.com/images?q=tbn:ANd9GcTmIC2CmgiW8xW-XsNcwvMvBX3IDuQqIy0UlQ&s', NULL, NULL, 'rm108', NULL),
('https://encrypted-tbn0.gstatic.com/images?q=tbn:ANd9GcSiM0Q_6QjKNMGTUCzSiIpLU1uhn5_WAUvIEA&s', NULL, NULL, 'rm109', NULL),
('https://encrypted-tbn0.gstatic.com/images?q=tbn:ANd9GcRl9m6kuRZnVP25VpC6ND9dtnQdpzLtXO5LmQ&s', NULL, NULL, 'rm110', NULL),
('https://encrypted-tbn0.gstatic.com/images?q=tbn:ANd9GcSSfEaPJnw699oCoMuHAfPthvTPs2LmKx6sTQ&s', NULL, NULL, 'rm111', NULL),
('https://www.workdesign.com/wp-content/uploads/2020/09/2130429_00_N18.jpg', NULL, NULL, 'rm112', NULL),
('https://smartway2.com/wp-content/uploads/2021/04/shutterstock_763511701.jpg', NULL, NULL, 'rm113', NULL),
('https://encrypted-tbn0.gstatic.com/images?q=tbn:ANd9GcTmIC2CmgiW8xW-XsNcwvMvBX3IDuQqIy0UlQ&s', NULL, NULL, 'rm114', NULL),
('https://encrypted-tbn0.gstatic.com/images?q=tbn:ANd9GcSiM0Q_6QjKNMGTUCzSiIpLU1uhn5_WAUvIEA&s', NULL, NULL, 'rm115', NULL),
('https://encrypted-tbn0.gstatic.com/images?q=tbn:ANd9GcRl9m6kuRZnVP25VpC6ND9dtnQdpzLtXO5LmQ&s', NULL, NULL, 'rm116', NULL),
('https://encrypted-tbn0.gstatic.com/images?q=tbn:ANd9GcSSfEaPJnw699oCoMuHAfPthvTPs2LmKx6sTQ&s', NULL, NULL, 'rm117', NULL),
('https://www.workdesign.com/wp-content/uploads/2020/09/2130429_00_N18.jpg', NULL, NULL, 'rm118', NULL),
('https://smartway2.com/wp-content/uploads/2021/04/shutterstock_763511701.jpg', NULL, NULL, 'rm119', NULL),
('https://encrypted-tbn0.gstatic.com/images?q=tbn:ANd9GcTmIC2CmgiW8xW-XsNcwvMvBX3IDuQqIy0UlQ&s', NULL, NULL, 'rm120', NULL),
('https://encrypted-tbn0.gstatic.com/images?q=tbn:ANd9GcSiM0Q_6QjKNMGTUCzSiIpLU1uhn5_WAUvIEA&s', NULL, NULL, 'rm121', NULL),
('https://encrypted-tbn0.gstatic.com/images?q=tbn:ANd9GcRl9m6kuRZnVP25VpC6ND9dtnQdpzLtXO5LmQ&s', NULL, NULL, 'rm122', NULL),
('https://encrypted-tbn0.gstatic.com/images?q=tbn:ANd9GcSSfEaPJnw699oCoMuHAfPthvTPs2LmKx6sTQ&s', NULL, NULL, 'rm123', NULL),
('https://www.workdesign.com/wp-content/uploads/2020/09/2130429_00_N18.jpg', NULL, NULL, 'rm124', NULL),
('https://smartway2.com/wp-content/uploads/2021/04/shutterstock_763511701.jpg', NULL, NULL, 'rm125', NULL),
('https://encrypted-tbn0.gstatic.com/images?q=tbn:ANd9GcTmIC2CmgiW8xW-XsNcwvMvBX3IDuQqIy0UlQ&s', NULL, NULL, 'rm126', NULL),
('https://encrypted-tbn0.gstatic.com/images?q=tbn:ANd9GcSiM0Q_6QjKNMGTUCzSiIpLU1uhn5_WAUvIEA&s', NULL, NULL, 'rm127', NULL),
('https://encrypted-tbn0.gstatic.com/images?q=tbn:ANd9GcRl9m6kuRZnVP25VpC6ND9dtnQdpzLtXO5LmQ&s', NULL, NULL, 'rm128', NULL),
('https://encrypted-tbn0.gstatic.com/images?q=tbn:ANd9GcSSfEaPJnw699oCoMuHAfPthvTPs2LmKx6sTQ&s', NULL, NULL, 'rm129', NULL),
('https://www.workdesign.com/wp-content/uploads/2020/09/2130429_00_N18.jpg', NULL, NULL, 'rm130', NULL),
-- Amenities Images
('https://encrypted-tbn0.gstatic.com/images?q=tbn:ANd9GcSSfEaPJnw699oCoMuHAfPthvTPs2LmKx6sTQ&s', NULL, NULL, NULL, 'am001'),
('https://encrypted-tbn0.gstatic.com/images?q=tbn:ANd9GcSSfEaPJnw699oCoMuHAfPthvTPs2LmKx6sTQ&s', NULL, NULL, NULL, 'am002'),
('https://encrypted-tbn0.gstatic.com/images?q=tbn:ANd9GcSSfEaPJnw699oCoMuHAfPthvTPs2LmKx6sTQ&s', NULL, NULL, NULL, 'am007'),
('https://encrypted-tbn0.gstatic.com/images?q=tbn:ANd9GcSSfEaPJnw699oCoMuHAfPthvTPs2LmKx6sTQ&s', NULL, NULL, NULL, 'am011'),
('https://encrypted-tbn0.gstatic.com/images?q=tbn:ANd9GcSSfEaPJnw699oCoMuHAfPthvTPs2LmKx6sTQ&s', NULL, NULL, NULL, 'am026'),
('https://encrypted-tbn0.gstatic.com/images?q=tbn:ANd9GcSSfEaPJnw699oCoMuHAfPthvTPs2LmKx6sTQ&s', NULL, NULL, NULL, 'am030'),
('https://encrypted-tbn0.gstatic.com/images?q=tbn:ANd9GcSSfEaPJnw699oCoMuHAfPthvTPs2LmKx6sTQ&s', NULL, NULL, NULL, 'am034'),
('https://encrypted-tbn0.gstatic.com/images?q=tbn:ANd9GcSSfEaPJnw699oCoMuHAfPthvTPs2LmKx6sTQ&s', NULL, NULL, NULL, 'am040'),
('https://encrypted-tbn0.gstatic.com/images?q=tbn:ANd9GcTpiFFlIzAEtOH8mFY8Pa1mqPntDiHJXLAZvw&s', NULL, NULL, NULL, 'am065'),
('https://encrypted-tbn0.gstatic.com/images?q=tbn:ANd9GcTpiFFlIzAEtOH8mFY8Pa1mqPntDiHJXLAZvw&s', NULL, NULL, NULL, 'am067'),
('https://encrypted-tbn0.gstatic.com/images?q=tbn:ANd9GcTpiFFlIzAEtOH8mFY8Pa1mqPntDiHJXLAZvw&s', NULL, NULL, NULL, 'am068'),
('https://encrypted-tbn0.gstatic.com/images?q=tbn:ANd9GcTpiFFlIzAEtOH8mFY8Pa1mqPntDiHJXLAZvw&s', NULL, NULL, NULL, 'am069'),
('https://encrypted-tbn0.gstatic.com/images?q=tbn:ANd9GcTpiFFlIzAEtOH8mFY8Pa1mqPntDiHJXLAZvw&s', NULL, NULL, NULL, 'am074'),
('https://encrypted-tbn0.gstatic.com/images?q=tbn:ANd9GcTpiFFlIzAEtOH8mFY8Pa1mqPntDiHJXLAZvw&s', NULL, NULL, NULL, 'am075'),
('https://encrypted-tbn0.gstatic.com/images?q=tbn:ANd9GcTpiFFlIzAEtOH8mFY8Pa1mqPntDiHJXLAZvw&s', NULL, NULL, NULL, 'am062'),
('https://encrypted-tbn0.gstatic.com/images?q=tbn:ANd9GcTpiFFlIzAEtOH8mFY8Pa1mqPntDiHJXLAZvw&s', NULL, NULL, NULL, 'am060'),
('https://encrypted-tbn0.gstatic.com/images?q=tbn:ANd9GcTpiFFlIzAEtOH8mFY8Pa1mqPntDiHJXLAZvw&s', NULL, NULL, NULL, 'am066'),
('https://encrypted-tbn0.gstatic.com/images?q=tbn:ANd9GcTpiFFlIzAEtOH8mFY8Pa1mqPntDiHJXLAZvw&s', NULL, NULL, NULL, 'am068'),
('https://encrypted-tbn0.gstatic.com/images?q=tbn:ANd9GcTpiFFlIzAEtOH8mFY8Pa1mqPntDiHJXLAZvw&s', NULL, NULL, NULL, 'am070'),
('https://encrypted-tbn0.gstatic.com/images?q=tbn:ANd9GcTpiFFlIzAEtOH8mFY8Pa1mqPntDiHJXLAZvw&s', NULL, NULL, NULL, 'am071'),
('https://encrypted-tbn0.gstatic.com/images?q=tbn:ANd9GcTpiFFlIzAEtOH8mFY8Pa1mqPntDiHJXLAZvw&s', NULL, NULL, NULL, 'am072'),
('https://encrypted-tbn0.gstatic.com/images?q=tbn:ANd9GcTpiFFlIzAEtOH8mFY8Pa1mqPntDiHJXLAZvw&s', NULL, NULL, NULL, 'am074'),
('https://encrypted-tbn0.gstatic.com/images?q=tbn:ANd9GcTpiFFlIzAEtOH8mFY8Pa1mqPntDiHJXLAZvw&s', NULL, NULL, NULL, 'am075'),
('https://encrypted-tbn0.gstatic.com/images?q=tbn:ANd9GcTpiFFlIzAEtOH8mFY8Pa1mqPntDiHJXLAZvw&s', NULL, NULL, NULL, 'am076'),
('https://encrypted-tbn0.gstatic.com/images?q=tbn:ANd9GcTpiFFlIzAEtOH8mFY8Pa1mqPntDiHJXLAZvw&s', NULL, NULL, NULL, 'am077'),
('https://encrypted-tbn0.gstatic.com/images?q=tbn:ANd9GcTpiFFlIzAEtOH8mFY8Pa1mqPntDiHJXLAZvw&s', NULL, NULL, NULL, 'am078'),
('https://encrypted-tbn0.gstatic.com/images?q=tbn:ANd9GcTpiFFlIzAEtOH8mFY8Pa1mqPntDiHJXLAZvw&s', NULL, NULL, NULL, 'am079'),
('https://encrypted-tbn0.gstatic.com/images?q=tbn:ANd9GcTpiFFlIzAEtOH8mFY8Pa1mqPntDiHJXLAZvw&s', NULL, NULL, NULL, 'am080'),
('https://encrypted-tbn0.gstatic.com/images?q=tbn:ANd9GcTpiFFlIzAEtOH8mFY8Pa1mqPntDiHJXLAZvw&s', NULL, NULL, NULL, 'am081'),
('https://encrypted-tbn0.gstatic.com/images?q=tbn:ANd9GcTpiFFlIzAEtOH8mFY8Pa1mqPntDiHJXLAZvw&s', NULL, NULL, NULL, 'am098'),
('https://encrypted-tbn0.gstatic.com/images?q=tbn:ANd9GcTpiFFlIzAEtOH8mFY8Pa1mqPntDiHJXLAZvw&s', NULL, NULL, NULL, 'am099'),
('https://encrypted-tbn0.gstatic.com/images?q=tbn:ANd9GcTpiFFlIzAEtOH8mFY8Pa1mqPntDiHJXLAZvw&s', NULL, NULL, NULL, 'am100'),
('https://encrypted-tbn0.gstatic.com/images?q=tbn:ANd9GcTpiFFlIzAEtOH8mFY8Pa1mqPntDiHJXLAZvw&s', NULL, NULL, NULL, 'am101'),
('https://encrypted-tbn0.gstatic.com/images?q=tbn:ANd9GcTpiFFlIzAEtOH8mFY8Pa1mqPntDiHJXLAZvw&s', NULL, NULL, NULL, 'am102');


-- Insert data for ApplyedOffers table
INSERT INTO Apply VALUES
('stf001', 'rm001', 'off001'),
('stf001', 'rm002', 'off002'),
('stf001', 'rm003', 'off003'),
('stf002', 'rm004', 'off001'),
('stf002', 'rm005', 'off004'),
('stf003', 'rm007', 'off005'),
('stf004', 'rm010', 'off006'),
('stf005', 'rm012', 'off007'),
('stf006', 'rm014', 'off008'),
('stf007', 'rm016', 'off001'),
('stf008', 'rm018', 'off009'),
('stf009', 'rm020', 'off010'),
('stf010', 'rm022', 'off001'),
('stf011', 'rm024', 'off002'),
('stf012', 'rm026', 'off003'),
('stf013', 'rm028', 'off004'),
('stf014', 'rm030', 'off005'),
('stf015', 'rm032', 'off006');

-- Insert data for WorkspaceAnalytics table
INSERT INTO WorkspaceAnalytics VALUES
('ws001', '2023-01-31', 4.5, 5000.00, 25, 'Peak usage during morning hours'),
('ws001', '2023-02-28', 4.6, 5500.00, 28, 'Even distribution throughout the day'),
('ws001', '2023-03-31', 4.5, 4800.00, 22, 'Peak usage during afternoon'),
('ws002', '2023-01-31', 4.4, 4200.00, 20, 'Higher usage on weekdays'),
('ws002', '2023-02-28', 4.6, 4600.00, 23, 'Higher usage in morning hours'),
('ws002', '2023-03-31', 4.5, 4400.00, 21, 'Even distribution throughout the day'),
('ws003', '2023-01-31', 4.7, 6000.00, 18, 'Higher usage by executives'),
('ws003', '2023-02-28', 4.8, 6500.00, 20, 'Peak usage during business hours'),
('ws003', '2023-03-31', 4.7, 6200.00, 19, 'Consistent high-value bookings'),
('ws007', '2023-01-31', 4.2, 3500.00, 15, 'Higher usage by creatives'),
('ws007', '2023-02-28', 4.3, 3800.00, 16, 'Increased weekend usage'),
('ws007', '2023-03-31', 4.2, 3600.00, 15, 'Popular with local businesses'),
('ws009', '2023-01-31', 4.8, 7000.00, 22, 'Popular with tourists'),
('ws009', '2023-02-28', 4.8, 7200.00, 24, 'Peak season with higher rates'),
('ws009', '2023-03-31', 4.8, 7100.00, 23, 'Consistent demand throughout the month'),
('ws016', '2023-04-30', 4.4, 8500.00, 35, 'High demand during business hours'),
('ws016', '2023-05-31', 4.5, 9200.00, 38, 'Increased corporate bookings'),
('ws016', '2023-06-30', 4.4, 8800.00, 36, 'Steady usage throughout month'),
('ws017', '2023-04-30', 4.6, 7500.00, 25, 'Popular with tourists'),
('ws017', '2023-05-31', 4.7, 8000.00, 28, 'Peak tourist season'),
('ws017', '2023-06-30', 4.6, 7800.00, 26, 'Consistent tourist traffic'),
('ws018', '2023-04-30', 4.3, 6200.00, 20, 'Steady business clientele'),
('ws018', '2023-05-31', 4.3, 6500.00, 22, 'Import/export peak season'),
('ws019', '2023-04-30', 4.7, 9500.00, 32, 'High demand from digital nomads'),
('ws019', '2023-05-31', 4.8, 10200.00, 35, 'Summer season boost'),
('ws020', '2023-04-30', 4.2, 5800.00, 18, 'Niche market steady growth'),
('ws021', '2023-04-30', 4.5, 7200.00, 24, 'Strategic location advantage'),
('ws022', '2023-04-30', 4.4, 4500.00, 30, 'High student usage'),
('ws023', '2023-04-30', 4.8, 12000.00, 40, 'Premium pricing successful'),
('ws024', '2023-04-30', 4.5, 6800.00, 28, 'Growing creative community'),
('ws025', '2023-04-30', 4.7, 9800.00, 35, 'Strong startup ecosystem'),
('ws026', '2023-05-31', 4.3, 5200.00, 22, 'Growing tech community'),
('ws027', '2023-05-31', 4.1, 4800.00, 18, 'Steady local business usage'),
('ws028', '2023-05-31', 4.0, 4200.00, 15, 'Building user base'),
('ws029', '2023-05-31', 4.2, 4600.00, 17, 'Popular with cultural organizations'),
('ws030', '2023-05-31', 4.3, 6000.00, 28, 'High transit passenger usage'),
('ws001', '2023-12-31', 4.6, 65000.00, 280, 'Year-end peak performance'),
('ws002', '2023-12-31', 4.5, 58000.00, 250, 'Consistent growth throughout year'),
('ws003', '2023-12-31', 4.7, 78000.00, 230, 'Premium segment thriving'),
('ws015', '2023-12-31', 4.7, 62000.00, 190, 'Boutique model successful'),
('ws023', '2023-12-31', 4.8, 145000.00, 480, '24/7 model highest revenue'),
('ws031', '2024-01-31', 4.5, 12000.00, 45, 'High tech demand, peak hours 10-6pm'),
('ws032', '2024-01-31', 4.3, 10500.00, 38, 'Business travelers prefer morning slots'),
('ws033', '2024-01-31', 4.6, 9800.00, 32, 'Weekend bookings popular'),
('ws034', '2024-01-31', 4.2, 7200.00, 28, 'Local business steady usage'),
('ws035', '2024-01-31', 4.4, 6500.00, 42, 'Student traffic high during exams'),
('ws036', '2024-01-31', 4.3, 11000.00, 35, 'Gaming room fully booked weekends'),
('ws037', '2024-01-31', 4.1, 5800.00, 48, 'Quick bookings, average 2-3 hours'),
('ws038', '2024-01-31', 4.5, 14500.00, 30, 'Enterprise clients, long-term bookings'),
('ws039', '2024-01-31', 4.7, 13200.00, 28, 'Tourist season affects occupancy'),
('ws040', '2024-01-31', 4.6, 15800.00, 35, 'Summer months highest revenue'),
('ws041', '2024-02-29', 4.2, 8400.00, 33, 'Growing startup community'),
('ws042', '2024-02-29', 4.4, 9600.00, 30, 'Artists prefer afternoon slots'),
('ws043', '2024-02-29', 4.3, 8900.00, 36, 'Digital nomads stay longer'),
('ws044', '2024-02-29', 4.0, 5200.00, 25, 'Community events drive usage'),
('ws045', '2024-02-29', 4.8, 18500.00, 40, 'Seasonal workspace, peak summer');


-- Insert data for WorkspacePlan table
INSERT INTO WorkspacePlan VALUES
('ws001', 200.00, 36000.00, 3500.00),
('ws002', 200.00, 38000.00, 3700.00),
('ws003', 200.00, 45000.00, 4200.00),
('ws004', 200.00, 32000.00, 3000.00),
('ws005', 200.00, 34000.00, 3200.00),
('ws006', 200.00, 35000.00, 3300.00),
('ws007', 200.00, 30000.00, 2800.00),
('ws008', 200.00, 31000.00, 2900.00),
('ws009', 200.00, 48000.00, 4500.00),
('ws010', 200.00, 50000.00, 4700.00),
('ws011', 200.00, 33000.00, 3100.00),
('ws012', 200.00, 35000.00, 3300.00),
('ws013', 200.00, 36000.00, 3400.00),
('ws014', 200.00, 40000.00, 3800.00),
('ws015', 200.00, 46000.00, 4300.00),
('ws016', 250.00, 42000.00, 4000.00),
('ws017', 280.00, 48000.00, 4500.00),
('ws018', 220.00, 38000.00, 3600.00),
('ws019', 300.00, 52000.00, 4900.00),
('ws020', 200.00, 34000.00, 3200.00),
('ws021', 260.00, 44000.00, 4100.00),
('ws022', 150.00, 25000.00, 2400.00),
('ws023', 350.00, 60000.00, 5500.00),
('ws024', 240.00, 40000.00, 3800.00),
('ws025', 290.00, 50000.00, 4700.00),
('ws026', 180.00, 30000.00, 2800.00),
('ws027', 170.00, 28000.00, 2600.00),
('ws028', 190.00, 32000.00, 3000.00),
('ws029', 185.00, 31000.00, 2900.00),
('ws030', 160.00, 26000.00, 2500.00),
('ws031', 300.00, 54000.00, 5200.00),
('ws032', 280.00, 50000.00, 4800.00),
('ws033', 320.00, 58000.00, 5500.00),
('ws034', 220.00, 40000.00, 3800.00),
('ws035', 180.00, 32000.00, 3000.00),
('ws036', 340.00, 62000.00, 5900.00),
('ws037', 200.00, 36000.00, 3400.00),
('ws038', 380.00, 68000.00, 6500.00),
('ws039', 360.00, 65000.00, 6200.00),
('ws040', 400.00, 72000.00, 6900.00),
('ws041', 260.00, 47000.00, 4500.00),
('ws042', 300.00, 54000.00, 5200.00),
('ws043', 290.00, 52000.00, 5000.00),
('ws044', 160.00, 28000.00, 2700.00),
('ws045', 420.00, 76000.00, 7300.00),
('ws046', 240.00, 43000.00, 4100.00),
('ws047', 250.00, 45000.00, 4300.00),
('ws048', 310.00, 56000.00, 5400.00),
('ws049', 270.00, 49000.00, 4700.00),
('ws050', 390.00, 70000.00, 6700.00);

-- Insert data for Preference table
INSERT INTO Preference VALUES
('50-200', 'Coworking', 'usr001'),
('500-1000', 'Private Office', 'usr002'),
('200-500', 'Meeting Room', 'usr003'),
('50-200', 'Open Space', 'usr004'),
('500-1000', 'Conference Room', 'usr005'),
('200-500', 'Coworking', 'usr006'),
('500-1000', 'Private Office', 'usr007'),
('50-200', 'Meeting Room', 'usr008'),
('500-1000', 'Conference Room', 'usr009'),
('200-500', 'Open Space', 'usr010'),
('50-200', 'Coworking', 'usr011'),
('500-1000', 'Private Office', 'usr012'),
('200-500', 'Meeting Room', 'usr013'),
('50-200', 'Open Space', 'usr014'),
('500-1000', 'Conference Room', 'usr015'),
('200-500', 'Business Center', 'usr016'),
('500-1000', 'Premium Office', 'usr017'),
('50-200', 'Student Space', 'usr018'),
('200-500', 'Creative Studio', 'usr019'),
('500-1000', 'Tech Hub', 'usr020');

INSERT INTO WorkspaceSchedule (Day, StartTime, EndTime, WorkspaceId) VALUES
-- ws001
('MONDAY',    '08:00', '12:00', 'ws001'),
('TUESDAY',   '08:00', '12:00', 'ws001'),
('WEDNESDAY', '08:00', '12:00', 'ws001'),
('THURSDAY',  '08:00', '12:00', 'ws001'),
('FRIDAY',    '08:00', '12:00', 'ws001'),
('SATURDAY',  '08:00', '12:00', 'ws001'),
('SUNDAY',    '08:00', '12:00', 'ws001'),
-- ws002
('MONDAY',    '08:00', '12:00', 'ws002'),
('TUESDAY',   '08:00', '12:00', 'ws002'),
('WEDNESDAY', '08:00', '12:00', 'ws002'),
('THURSDAY',  '08:00', '12:00', 'ws002'),
('FRIDAY',    '08:00', '12:00', 'ws002'),
('SATURDAY',  '08:00', '12:00', 'ws002'),
('SUNDAY',    '08:00', '12:00', 'ws002'),
-- ws003
('MONDAY',    '08:00', '12:00', 'ws003'),
('TUESDAY',   '08:00', '12:00', 'ws003'),
('WEDNESDAY', '08:00', '12:00', 'ws003'),
('THURSDAY',  '08:00', '12:00', 'ws003'),
('FRIDAY',    '08:00', '12:00', 'ws003'),
('SATURDAY',  '08:00', '12:00', 'ws003'),
('SUNDAY',    '08:00', '12:00', 'ws003'),
-- ws004
('MONDAY',    '08:00', '12:00', 'ws004'),
('TUESDAY',   '08:00', '12:00', 'ws004'),
('WEDNESDAY', '08:00', '12:00', 'ws004'),
('THURSDAY',  '08:00', '12:00', 'ws004'),
('FRIDAY',    '08:00', '12:00', 'ws004'),
('SATURDAY',  '08:00', '12:00', 'ws004'),
('SUNDAY',    '08:00', '12:00', 'ws004'),
-- ws005
('MONDAY',    '08:00', '12:00', 'ws005'),
('TUESDAY',   '08:00', '12:00', 'ws005'),
('WEDNESDAY', '08:00', '12:00', 'ws005'),
('THURSDAY',  '08:00', '12:00', 'ws005'),
('FRIDAY',    '08:00', '12:00', 'ws005'),
('SATURDAY',  '08:00', '12:00', 'ws005'),
('SUNDAY',    '08:00', '12:00', 'ws005'),
-- ws006
('MONDAY',    '08:00', '12:00', 'ws006'),
('TUESDAY',   '08:00', '12:00', 'ws006'),
('WEDNESDAY', '08:00', '12:00', 'ws006'),
('THURSDAY',  '08:00', '12:00', 'ws006'),
('FRIDAY',    '08:00', '12:00', 'ws006'),
('SATURDAY',  '08:00', '12:00', 'ws006'),
('SUNDAY',    '08:00', '12:00', 'ws006'),
-- ws007
('MONDAY',    '08:00', '12:00', 'ws007'),
('TUESDAY',   '08:00', '12:00', 'ws007'),
('WEDNESDAY', '08:00', '12:00', 'ws007'),
('THURSDAY',  '08:00', '12:00', 'ws007'),
('FRIDAY',    '08:00', '12:00', 'ws007'),
('SATURDAY',  '08:00', '12:00', 'ws007'),
('SUNDAY',    '08:00', '12:00', 'ws007'),
-- ws008
('MONDAY',    '08:00', '12:00', 'ws008'),
('TUESDAY',   '08:00', '12:00', 'ws008'),
('WEDNESDAY', '08:00', '12:00', 'ws008'),
('THURSDAY',  '08:00', '12:00', 'ws008'),
('FRIDAY',    '08:00', '12:00', 'ws008'),
('SATURDAY',  '08:00', '12:00', 'ws008'),
('SUNDAY',    '08:00', '12:00', 'ws008'),
-- ws009
('MONDAY',    '08:00', '12:00', 'ws009'),
('TUESDAY',   '08:00', '12:00', 'ws009'),
('WEDNESDAY', '08:00', '12:00', 'ws009'),
('THURSDAY',  '08:00', '12:00', 'ws009'),
('FRIDAY',    '08:00', '12:00', 'ws009'),
('SATURDAY',  '08:00', '12:00', 'ws009'),
('SUNDAY',    '08:00', '12:00', 'ws009'),
-- ws010
('MONDAY',    '08:00', '12:00', 'ws010'),
('TUESDAY',   '08:00', '12:00', 'ws010'),
('WEDNESDAY', '08:00', '12:00', 'ws010'),
('THURSDAY',  '08:00', '12:00', 'ws010'),
('FRIDAY',    '08:00', '12:00', 'ws010'),
('SATURDAY',  '08:00', '12:00', 'ws010'),
('SUNDAY',    '08:00', '12:00', 'ws010'),
-- ws011
('MONDAY',    '08:00', '12:00', 'ws011'),
('TUESDAY',   '08:00', '12:00', 'ws011'),
('WEDNESDAY', '08:00', '12:00', 'ws011'),
('THURSDAY',  '08:00', '12:00', 'ws011'),
('FRIDAY',    '08:00', '12:00', 'ws011'),
('SATURDAY',  '08:00', '12:00', 'ws011'),
('SUNDAY',    '08:00', '12:00', 'ws011'),
-- ws012
('MONDAY',    '08:00', '12:00', 'ws012'),
('TUESDAY',   '08:00', '12:00', 'ws012'),
('WEDNESDAY', '08:00', '12:00', 'ws012'),
('THURSDAY',  '08:00', '12:00', 'ws012'),
('FRIDAY',    '08:00', '12:00', 'ws012'),
('SATURDAY',  '08:00', '12:00', 'ws012'),
('SUNDAY',    '08:00', '12:00', 'ws012'),
-- ws013
('MONDAY',    '08:00', '12:00', 'ws013'),
('TUESDAY',   '08:00', '12:00', 'ws013'),
('WEDNESDAY', '08:00', '12:00', 'ws013'),
('THURSDAY',  '08:00', '12:00', 'ws013'),
('FRIDAY',    '08:00', '12:00', 'ws013'),
('SATURDAY',  '08:00', '12:00', 'ws013'),
('SUNDAY',    '08:00', '12:00', 'ws013'),
-- ws014
('MONDAY',    '08:00', '12:00', 'ws014'),
('TUESDAY',   '08:00', '12:00', 'ws014'),
('WEDNESDAY', '08:00', '12:00', 'ws014'),
('THURSDAY',  '08:00', '12:00', 'ws014'),
('FRIDAY',    '08:00', '12:00', 'ws014'),
('SATURDAY',  '08:00', '12:00', 'ws014'),
('SUNDAY',    '08:00', '12:00', 'ws014'),
-- ws015
('MONDAY',    '08:00', '12:00', 'ws015'),
('TUESDAY',   '08:00', '12:00', 'ws015'),
('WEDNESDAY', '08:00', '12:00', 'ws015'),
('THURSDAY',  '08:00', '12:00', 'ws015'),
('FRIDAY',    '08:00', '12:00', 'ws015'),
('SATURDAY',  '08:00', '12:00', 'ws015'),
('SUNDAY',    '08:00', '12:00', 'ws015'),
-- ws016
('MONDAY',    '08:00', '12:00', 'ws016'),
('TUESDAY',   '08:00', '12:00', 'ws016'),
('WEDNESDAY', '08:00', '12:00', 'ws016'),
('THURSDAY',  '08:00', '12:00', 'ws016'),
('FRIDAY',    '08:00', '12:00', 'ws016'),
('SATURDAY',  '08:00', '12:00', 'ws016'),
('SUNDAY',    '08:00', '12:00', 'ws016'),
-- ws017
('MONDAY',    '08:00', '12:00', 'ws017'),
('TUESDAY',   '08:00', '12:00', 'ws017'),
('WEDNESDAY', '08:00', '12:00', 'ws017'),
('THURSDAY',  '08:00', '12:00', 'ws017'),
('FRIDAY',    '08:00', '12:00', 'ws017'),
('SATURDAY',  '08:00', '12:00', 'ws017'),
('SUNDAY',    '08:00', '12:00', 'ws017'),
-- ws018
('MONDAY',    '08:00', '12:00', 'ws018'),
('TUESDAY',   '08:00', '12:00', 'ws018'),
('WEDNESDAY', '08:00', '12:00', 'ws018'),
('THURSDAY',  '08:00', '12:00', 'ws018'),
('FRIDAY',    '08:00', '12:00', 'ws018'),
('SATURDAY',  '08:00', '12:00', 'ws018'),
('SUNDAY',    '08:00', '12:00', 'ws018'),
-- ws019
('MONDAY',    '08:00', '12:00', 'ws019'),
('TUESDAY',   '08:00', '12:00', 'ws019'),
('WEDNESDAY', '08:00', '12:00', 'ws019'),
('THURSDAY',  '08:00', '12:00', 'ws019'),
('FRIDAY',    '08:00', '12:00', 'ws019'),
('SATURDAY',  '08:00', '12:00', 'ws019'),
('SUNDAY',    '08:00', '12:00', 'ws019'),
-- ws020
('MONDAY',    '08:00', '12:00', 'ws020'),
('TUESDAY',   '08:00', '12:00', 'ws020'),
('WEDNESDAY', '08:00', '12:00', 'ws020'),
('THURSDAY',  '08:00', '12:00', 'ws020'),
('FRIDAY',    '08:00', '12:00', 'ws020'),
('SATURDAY',  '08:00', '12:00', 'ws020'),
('SUNDAY',    '08:00', '12:00', 'ws020'),
-- ws021
('MONDAY',    '08:00', '12:00', 'ws021'),
('TUESDAY',   '08:00', '12:00', 'ws021'),
('WEDNESDAY', '08:00', '12:00', 'ws021'),
('THURSDAY',  '08:00', '12:00', 'ws021'),
('FRIDAY',    '08:00', '12:00', 'ws021'),
('SATURDAY',  '08:00', '12:00', 'ws021'),
('SUNDAY',    '08:00', '12:00', 'ws021'),
-- ws022
('MONDAY',    '08:00', '12:00', 'ws022'),
('TUESDAY',   '08:00', '12:00', 'ws022'),
('WEDNESDAY', '08:00', '12:00', 'ws022'),
('THURSDAY',  '08:00', '12:00', 'ws022'),
('FRIDAY',    '08:00', '12:00', 'ws022'),
('SATURDAY',  '08:00', '12:00', 'ws022'),
('SUNDAY',    '08:00', '12:00', 'ws022'),
-- ws023
('MONDAY',    '08:00', '12:00', 'ws023'),
('TUESDAY',   '08:00', '12:00', 'ws023'),
('WEDNESDAY', '08:00', '12:00', 'ws023'),
('THURSDAY',  '08:00', '12:00', 'ws023'),
('FRIDAY',    '08:00', '12:00', 'ws023'),
('SATURDAY',  '08:00', '12:00', 'ws023'),
('SUNDAY',    '08:00', '12:00', 'ws023'),
-- ws024
('MONDAY',    '08:00', '12:00', 'ws024'),
('TUESDAY',   '08:00', '12:00', 'ws024'),
('WEDNESDAY', '08:00', '12:00', 'ws024'),
('THURSDAY',  '08:00', '12:00', 'ws024'),
('FRIDAY',    '08:00', '12:00', 'ws024'),
('SATURDAY',  '08:00', '12:00', 'ws024'),
('SUNDAY',    '08:00', '12:00', 'ws024'),
-- ws025
('MONDAY',    '08:00', '12:00', 'ws025'),
('TUESDAY',   '08:00', '12:00', 'ws025'),
('WEDNESDAY', '08:00', '12:00', 'ws025'),
('THURSDAY',  '08:00', '12:00', 'ws025'),
('FRIDAY',    '08:00', '12:00', 'ws025'),
('SATURDAY',  '08:00', '12:00', 'ws025'),
('SUNDAY',    '08:00', '12:00', 'ws025'),
-- ws026
('MONDAY',    '08:00', '12:00', 'ws026'),
('TUESDAY',   '08:00', '12:00', 'ws026'),
('WEDNESDAY', '08:00', '12:00', 'ws026'),
('THURSDAY',  '08:00', '12:00', 'ws026'),
('FRIDAY',    '08:00', '12:00', 'ws026'),
('SATURDAY',  '08:00', '12:00', 'ws026'),
('SUNDAY',    '08:00', '12:00', 'ws026'),
-- ws027
('MONDAY',    '08:00', '12:00', 'ws027'),
('TUESDAY',   '08:00', '12:00', 'ws027'),
('WEDNESDAY', '08:00', '12:00', 'ws027'),
('THURSDAY',  '08:00', '12:00', 'ws027'),
('FRIDAY',    '08:00', '12:00', 'ws027'),
('SATURDAY',  '08:00', '12:00', 'ws027'),
('SUNDAY',    '08:00', '12:00', 'ws027'),
-- ws028
('MONDAY',    '08:00', '12:00', 'ws028'),
('TUESDAY',   '08:00', '12:00', 'ws028'),
('WEDNESDAY', '08:00', '12:00', 'ws028'),
('THURSDAY',  '08:00', '12:00', 'ws028'),
('FRIDAY',    '08:00', '12:00', 'ws028'),
('SATURDAY',  '08:00', '12:00', 'ws028'),
('SUNDAY',    '08:00', '12:00', 'ws028'),
-- ws029
('MONDAY',    '08:00', '12:00', 'ws029'),
('TUESDAY',   '08:00', '12:00', 'ws029'),
('WEDNESDAY', '08:00', '12:00', 'ws029'),
('THURSDAY',  '08:00', '12:00', 'ws029'),
('FRIDAY',    '08:00', '12:00', 'ws029'),
('SATURDAY',  '08:00', '12:00', 'ws029'),
('SUNDAY',    '08:00', '12:00', 'ws029'),
-- ws030
('MONDAY',    '08:00', '12:00', 'ws030'),
('TUESDAY',   '08:00', '12:00', 'ws030'),
('WEDNESDAY', '08:00', '12:00', 'ws030'),
('THURSDAY',  '08:00', '12:00', 'ws030'),
('FRIDAY',    '08:00', '12:00', 'ws030'),
('SATURDAY',  '08:00', '12:00', 'ws030'),
('SUNDAY',    '08:00', '12:00', 'ws030'),
-- ws031
('MONDAY',    '08:00', '12:00', 'ws031'),
('TUESDAY',   '08:00', '12:00', 'ws031'),
('WEDNESDAY', '08:00', '12:00', 'ws031'),
('THURSDAY',  '08:00', '12:00', 'ws031'),
('FRIDAY',    '08:00', '12:00', 'ws031'),
('SATURDAY',  '08:00', '12:00', 'ws031'),
('SUNDAY',    '08:00', '12:00', 'ws031'),
-- ws032
('MONDAY',    '08:00', '12:00', 'ws032'),
('TUESDAY',   '08:00', '12:00', 'ws032'),
('WEDNESDAY', '08:00', '12:00', 'ws032'),
('THURSDAY',  '08:00', '12:00', 'ws032'),
('FRIDAY',    '08:00', '12:00', 'ws032'),
('SATURDAY',  '08:00', '12:00', 'ws032'),
('SUNDAY',    '08:00', '12:00', 'ws032'),
-- ws033
('MONDAY',    '08:00', '12:00', 'ws033'),
('TUESDAY',   '08:00', '12:00', 'ws033'),
('WEDNESDAY', '08:00', '12:00', 'ws033'),
('THURSDAY',  '08:00', '12:00', 'ws033'),
('FRIDAY',    '08:00', '12:00', 'ws033'),
('SATURDAY',  '08:00', '12:00', 'ws033'),
('SUNDAY',    '08:00', '12:00', 'ws033'),
-- ws034
('MONDAY',    '08:00', '12:00', 'ws034'),
('TUESDAY',   '08:00', '12:00', 'ws034'),
('WEDNESDAY', '08:00', '12:00', 'ws034'),
('THURSDAY',  '08:00', '12:00', 'ws034'),
('FRIDAY',    '08:00', '12:00', 'ws034'),
('SATURDAY',  '08:00', '12:00', 'ws034'),
('SUNDAY',    '08:00', '12:00', 'ws034'),
-- ws035
('MONDAY',    '08:00', '12:00', 'ws035'),
('TUESDAY',   '08:00', '12:00', 'ws035'),
('WEDNESDAY', '08:00', '12:00', 'ws035'),
('THURSDAY',  '08:00', '12:00', 'ws035'),
('FRIDAY',    '08:00', '12:00', 'ws035'),
('SATURDAY',  '08:00', '12:00', 'ws035'),
('SUNDAY',    '08:00', '12:00', 'ws035'),
-- ws036
('MONDAY',    '08:00', '12:00', 'ws036'),
('TUESDAY',   '08:00', '12:00', 'ws036'),
('WEDNESDAY', '08:00', '12:00', 'ws036'),
('THURSDAY',  '08:00', '12:00', 'ws036'),
('FRIDAY',    '08:00', '12:00', 'ws036'),
('SATURDAY',  '08:00', '12:00', 'ws036'),
('SUNDAY',    '08:00', '12:00', 'ws036'),
-- ws037
('MONDAY',    '08:00', '12:00', 'ws037'),
('TUESDAY',   '08:00', '12:00', 'ws037'),
('WEDNESDAY', '08:00', '12:00', 'ws037'),
('THURSDAY',  '08:00', '12:00', 'ws037'),
('FRIDAY',    '08:00', '12:00', 'ws037'),
('SATURDAY',  '08:00', '12:00', 'ws037'),
('SUNDAY',    '08:00', '12:00', 'ws037'),
-- ws038
('MONDAY',    '08:00', '12:00', 'ws038'),
('TUESDAY',   '08:00', '12:00', 'ws038'),
('WEDNESDAY', '08:00', '12:00', 'ws038'),
('THURSDAY',  '08:00', '12:00', 'ws038'),
('FRIDAY',    '08:00', '12:00', 'ws038'),
('SATURDAY',  '08:00', '12:00', 'ws038'),
('SUNDAY',    '08:00', '12:00', 'ws038'),
-- ws039
('MONDAY',    '08:00', '12:00', 'ws039'),
('TUESDAY',   '08:00', '12:00', 'ws039'),
('WEDNESDAY', '08:00', '12:00', 'ws039'),
('THURSDAY',  '08:00', '12:00', 'ws039'),
('FRIDAY',    '08:00', '12:00', 'ws039'),
('SATURDAY',  '08:00', '12:00', 'ws039'),
('SUNDAY',    '08:00', '12:00', 'ws039'),
-- ws040
('MONDAY',    '08:00', '12:00', 'ws040'),
('TUESDAY',   '08:00', '12:00', 'ws040'),
('WEDNESDAY', '08:00', '12:00', 'ws040'),
('THURSDAY',  '08:00', '12:00', 'ws040'),
('FRIDAY',    '08:00', '12:00', 'ws040'),
('SATURDAY',  '08:00', '12:00', 'ws040'),
('SUNDAY',    '08:00', '12:00', 'ws040'),
-- ws041
('MONDAY',    '08:00', '12:00', 'ws041'),
('TUESDAY',   '08:00', '12:00', 'ws041'),
('WEDNESDAY', '08:00', '12:00', 'ws041'),
('THURSDAY',  '08:00', '12:00', 'ws041'),
('FRIDAY',    '08:00', '12:00', 'ws041'),
('SATURDAY',  '08:00', '12:00', 'ws041'),
('SUNDAY',    '08:00', '12:00', 'ws041'),
-- ws042
('MONDAY',    '08:00', '12:00', 'ws042'),
('TUESDAY',   '08:00', '12:00', 'ws042'),
('WEDNESDAY', '08:00', '12:00', 'ws042'),
('THURSDAY',  '08:00', '12:00', 'ws042'),
('FRIDAY',    '08:00', '12:00', 'ws042'),
('SATURDAY',  '08:00', '12:00', 'ws042'),
('SUNDAY',    '08:00', '12:00', 'ws042'),
-- ws043
('MONDAY',    '08:00', '12:00', 'ws043'),
('TUESDAY',   '08:00', '12:00', 'ws043'),
('WEDNESDAY', '08:00', '12:00', 'ws043'),
('THURSDAY',  '08:00', '12:00', 'ws043'),
('FRIDAY',    '08:00', '12:00', 'ws043'),
('SATURDAY',  '08:00', '12:00', 'ws043'),
('SUNDAY',    '08:00', '12:00', 'ws043'),
-- ws044
('MONDAY',    '08:00', '12:00', 'ws044'),
('TUESDAY',   '08:00', '12:00', 'ws044'),
('WEDNESDAY', '08:00', '12:00', 'ws044'),
('THURSDAY',  '08:00', '12:00', 'ws044'),
('FRIDAY',    '08:00', '12:00', 'ws044'),
('SATURDAY',  '08:00', '12:00', 'ws044'),
('SUNDAY',    '08:00', '12:00', 'ws044'),
-- ws045
('MONDAY',    '08:00', '12:00', 'ws045'),
('TUESDAY',   '08:00', '12:00', 'ws045'),
('WEDNESDAY', '08:00', '12:00', 'ws045'),
('THURSDAY',  '08:00', '12:00', 'ws045'),
('FRIDAY',    '08:00', '12:00', 'ws045'),
('SATURDAY',  '08:00', '12:00', 'ws045'),
('SUNDAY',    '08:00', '12:00', 'ws045'),
-- ws046
('MONDAY',    '08:00', '12:00', 'ws046'),
('TUESDAY',   '08:00', '12:00', 'ws046'),
('WEDNESDAY', '08:00', '12:00', 'ws046'),
('THURSDAY',  '08:00', '12:00', 'ws046'),
('FRIDAY',    '08:00', '12:00', 'ws046'),
('SATURDAY',  '08:00', '12:00', 'ws046'),
('SUNDAY',    '08:00', '12:00', 'ws046'),
-- ws047
('MONDAY',    '08:00', '12:00', 'ws047'),
('TUESDAY',   '08:00', '12:00', 'ws047'),
('WEDNESDAY', '08:00', '12:00', 'ws047'),
('THURSDAY',  '08:00', '12:00', 'ws047'),
('FRIDAY',    '08:00', '12:00', 'ws047'),
('SATURDAY',  '08:00', '12:00', 'ws047'),
('SUNDAY',    '08:00', '12:00', 'ws047'),
-- ws048
('MONDAY',    '08:00', '12:00', 'ws048'),
('TUESDAY',   '08:00', '12:00', 'ws048'),
('WEDNESDAY', '08:00', '12:00', 'ws048'),
('THURSDAY',  '08:00', '12:00', 'ws048'),
('FRIDAY',    '08:00', '12:00', 'ws048'),
('SATURDAY',  '08:00', '12:00', 'ws048'),
('SUNDAY',    '08:00', '12:00', 'ws048'),
-- ws049
('MONDAY',    '08:00', '12:00', 'ws049'),
('TUESDAY',   '08:00', '12:00', 'ws049'),
('WEDNESDAY', '08:00', '12:00', 'ws049'),
('THURSDAY',  '08:00', '12:00', 'ws049'),
('FRIDAY',    '08:00', '12:00', 'ws049'),
('SATURDAY',  '08:00', '12:00', 'ws049'),
('SUNDAY',    '08:00', '12:00', 'ws049'),
-- ws050
('MONDAY',    '08:00', '12:00', 'ws050'),
('TUESDAY',   '08:00', '12:00', 'ws050'),
('WEDNESDAY', '08:00', '12:00', 'ws050'),
('THURSDAY',  '08:00', '12:00', 'ws050'),
('FRIDAY',    '08:00', '12:00', 'ws050'),
('SATURDAY',  '08:00', '12:00', 'ws050'),
('SUNDAY',    '08:00', '12:00', 'ws050');

INSERT INTO CreditCard(CardNumber, CVV, EndDate, Balance) VALUES
('1234567812345678', '123', '12/2025', 1500.50),
('2345678923456789', '456', '06/2026', 3200.00),
('3456789034567890', '789', '11/2027', 890.25),
('4567890145678901', '101', '01/2028', 475.75),
('5678901256789012', '202', '09/2024', 2200.00),
('6789012367890123', '303', '03/2029', 3050.10),
('7890123478901234', '404', '05/2026', 1600.99),
('8901234589012345', '505', '07/2027', 123.00),
('9012345690123456', '606', '10/2025', 4300.75),
('0123456701234567', '707', '08/2024', 1999.99);

INSERT INTO UserCards(CardNumber, UserId) VALUES
('1234567812345678', 'usr001'),
('2345678923456789', 'usr002'),
('3456789034567890', 'usr003'),
('4567890145678901', 'usr004'),
('5678901256789012', 'usr005'),
('6789012367890123', 'usr006'),
('7890123478901234', 'usr007'),
('8901234589012345', 'usr008'),
('9012345690123456', 'usr009'),
('0123456701234567', 'usr010');